stage	path	bytes	sha256	artifact_role	producer_source_path	producer_code_commit	frozen_date	environment	reproducibility
04	results/04_qc/figures/depth_by_cohort.png	48319	96a9526afcd849f5160930da8e522b9b8a38472428e4764a33b560e3f4c5168a	figure	notebooks/04_qc.py	d6a85c6	2026-08-24	mm-qc	REPRODUCIBLE_WITH_EXTERNAL_INPUT
04	results/04_qc/figures/doublet_rate_by_cohort.png	36074	cdc8ece198e40e78de8242d626ccba9625ce68a0b421f46073bf1a94786113e0	figure	notebooks/04_qc.py	d6a85c6	2026-08-24	mm-qc	REPRODUCIBLE_WITH_EXTERNAL_INPUT
04	results/04_qc/figures/qc_metric_distributions.png	254303	df20176523abbe55a022a7d6783a6f409947ba730599b159e82db4991937e868	figure	notebooks/04_qc.py	d6a85c6	2026-08-24	mm-qc	REPRODUCIBLE_WITH_EXTERNAL_INPUT
04	results/04_qc/mad_sensitivity.csv	482	9461db89269e9ed3b9cda0516a137eba2436edc2b1d7094bf398056446ff2e30	stage result table	notebooks/04_qc.py	d6a85c6	2026-08-24	mm-qc	REPRODUCIBLE_WITH_EXTERNAL_INPUT
04	results/04_qc/qc_report_by_cohort.csv	645	0dd757342b3bcc60c864850a8d316fa93e553b563819f378d0cefbb5666fd255	stage result table	notebooks/04_qc.py	d6a85c6	2026-08-24	mm-qc	REPRODUCIBLE_WITH_EXTERNAL_INPUT
04	results/04_qc/qc_report_by_sample.csv	6719	49ab3c12c9a2b1adec8605fe566e095d18af1fa4326d3ed814e63d27cd150ab9	stage result table	notebooks/04_qc.py	d6a85c6	2026-08-24	mm-qc	REPRODUCIBLE_WITH_EXTERNAL_INPUT
04	results/04_qc/qc_thresholds.csv	2468	e939a80dae405cf334269dd8f4f167a76e3532efa8f7ff8103b349ee23423c6f	stage result table	notebooks/04_qc.py	d6a85c6	2026-08-24	mm-qc	REPRODUCIBLE_WITH_EXTERNAL_INPUT
04	results/04_qc/samples/25183.h5ad	18736110	6e0ea8aa5913c303867e68b8aa724de9e44fd89a68d5265040dabd9196d185a1	stage-04 per-sample QC checkpoint (all barcodes retained)	notebooks/04_qc.py	d6a85c6	2026-08-24	mm-qc	REPRODUCIBLE_WITH_EXTERNAL_INPUT
04	results/04_qc/samples/27522_1.h5ad	38242632	11d9e5bcd34e2578507d8439897bb967d8c6eca1120bc027dc29fd1111e9f158	stage-04 per-sample QC checkpoint (all barcodes retained)	notebooks/04_qc.py	d6a85c6	2026-08-24	mm-qc	REPRODUCIBLE_WITH_EXTERNAL_INPUT
04	results/04_qc/samples/27522_2.h5ad	22982828	e5d7a4978793ee140b5ae8a36ba88519d354e752deb663a19191afdffe4260cc	stage-04 per-sample QC checkpoint (all barcodes retained)	notebooks/04_qc.py	d6a85c6	2026-08-24	mm-qc	REPRODUCIBLE_WITH_EXTERNAL_INPUT
04	results/04_qc/samples/27522_3.h5ad	30844858	020ac86f2118a4c88f1d49a8b3d5b51c81ac68eb1f8a24773ab83116c60f5928	stage-04 per-sample QC checkpoint (all barcodes retained)	notebooks/04_qc.py	d6a85c6	2026-08-24	mm-qc	REPRODUCIBLE_WITH_EXTERNAL_INPUT
04	results/04_qc/samples/27522_4.h5ad	62728812	04e2187be94bb9995ff9e385aa47d7e4219f06035edca9f1a0b363d1e29722d9	stage-04 per-sample QC checkpoint (all barcodes retained)	notebooks/04_qc.py	d6a85c6	2026-08-24	mm-qc	REPRODUCIBLE_WITH_EXTERNAL_INPUT
04	results/04_qc/samples/27522_5.h5ad	11954532	769ab0133b2cae75a0b683b982f1b5752150fcb4207ad09629d154d6966adf04	stage-04 per-sample QC checkpoint (all barcodes retained)	notebooks/04_qc.py	d6a85c6	2026-08-24	mm-qc	REPRODUCIBLE_WITH_EXTERNAL_INPUT
04	results/04_qc/samples/27522_6.h5ad	77022102	2d950a7b82d95aeb0d12986a800ec4f46361db2346d4d61a2033a90a1cdbac27	stage-04 per-sample QC checkpoint (all barcodes retained)	notebooks/04_qc.py	d6a85c6	2026-08-24	mm-qc	REPRODUCIBLE_WITH_EXTERNAL_INPUT
04	results/04_qc/samples/37692_2.h5ad	28808780	d88bd385c6f81b27ce69f07e6d165ff1c59f0aa6e5622fb354c630e93532f6f4	stage-04 per-sample QC checkpoint (all barcodes retained)	notebooks/04_qc.py	d6a85c6	2026-08-24	mm-qc	REPRODUCIBLE_WITH_EXTERNAL_INPUT
04	results/04_qc/samples/47491_1.h5ad	13791597	b6c14e28c1eecbebcb8203461c9fe13c28e9242178f5eb70b566d2e9cd0228e8	stage-04 per-sample QC checkpoint (all barcodes retained)	notebooks/04_qc.py	d6a85c6	2026-08-24	mm-qc	REPRODUCIBLE_WITH_EXTERNAL_INPUT
04	results/04_qc/samples/47491_2.h5ad	12498613	731129985681cbb60ce9a140b339c35da3224010fa7bc4ce6d16c3eb6df8c3be	stage-04 per-sample QC checkpoint (all barcodes retained)	notebooks/04_qc.py	d6a85c6	2026-08-24	mm-qc	REPRODUCIBLE_WITH_EXTERNAL_INPUT
04	results/04_qc/samples/56203_1.h5ad	20573593	c895cef7b8f2d99325b6cd98044258cda0721f8a61801b7c9317dae523cd85d0	stage-04 per-sample QC checkpoint (all barcodes retained)	notebooks/04_qc.py	d6a85c6	2026-08-24	mm-qc	REPRODUCIBLE_WITH_EXTERNAL_INPUT
04	results/04_qc/samples/56203_2.h5ad	38523296	33b5643633ccf1ff2d884c6f1b3e3c2ef31d44408cf16f23353f2fcc04e20162	stage-04 per-sample QC checkpoint (all barcodes retained)	notebooks/04_qc.py	d6a85c6	2026-08-24	mm-qc	REPRODUCIBLE_WITH_EXTERNAL_INPUT
04	results/04_qc/samples/57075_3.h5ad	35659004	c57ff7bb5c92138dbcfeb77a90beea1a9815472e33252003779039fb1fb7ea8b	stage-04 per-sample QC checkpoint (all barcodes retained)	notebooks/04_qc.py	d6a85c6	2026-08-24	mm-qc	REPRODUCIBLE_WITH_EXTERNAL_INPUT
04	results/04_qc/samples/58408_1.h5ad	22042782	89c5cdb57ca4bb23eecb300b678813435fc1d7f5fd5248d7dd4cf8ea4854620a	stage-04 per-sample QC checkpoint (all barcodes retained)	notebooks/04_qc.py	d6a85c6	2026-08-24	mm-qc	REPRODUCIBLE_WITH_EXTERNAL_INPUT
04	results/04_qc/samples/58408_2.h5ad	39714094	4771d5b93f99f3066397f9aa4420efcc91bffe58944bb4ad48be2fb3c82f7480	stage-04 per-sample QC checkpoint (all barcodes retained)	notebooks/04_qc.py	d6a85c6	2026-08-24	mm-qc	REPRODUCIBLE_WITH_EXTERNAL_INPUT
04	results/04_qc/samples/59114_1.h5ad	20436708	4613e75f17c26add00ae57547af05adda1181f0f12b4b964ef634c7690541836	stage-04 per-sample QC checkpoint (all barcodes retained)	notebooks/04_qc.py	d6a85c6	2026-08-24	mm-qc	REPRODUCIBLE_WITH_EXTERNAL_INPUT
04	results/04_qc/samples/59114_4.h5ad	35663846	2ac1e0f0ca3bb26d5dc5c2cc8ad41db540f04eb30bdafcf590bb4d780576f816	stage-04 per-sample QC checkpoint (all barcodes retained)	notebooks/04_qc.py	d6a85c6	2026-08-24	mm-qc	REPRODUCIBLE_WITH_EXTERNAL_INPUT
04	results/04_qc/samples/60359_1.h5ad	77609404	8fc0d5968de2d44f232c594736baa015df9f4fd1d551a68b7e1af0f0d6b292d5	stage-04 per-sample QC checkpoint (all barcodes retained)	notebooks/04_qc.py	d6a85c6	2026-08-24	mm-qc	REPRODUCIBLE_WITH_EXTERNAL_INPUT
04	results/04_qc/samples/60359_2.h5ad	26772810	d8bdc1e01865b373690ddd3dfdd84f6bac6bc2747376beb4b529d9a16280adf5	stage-04 per-sample QC checkpoint (all barcodes retained)	notebooks/04_qc.py	d6a85c6	2026-08-24	mm-qc	REPRODUCIBLE_WITH_EXTERNAL_INPUT
04	results/04_qc/samples/77570.h5ad	49409420	cf1c58e494755178014dea257bdd965ed502ec2fa2a890a889bfabd063c67cb8	stage-04 per-sample QC checkpoint (all barcodes retained)	notebooks/04_qc.py	d6a85c6	2026-08-24	mm-qc	REPRODUCIBLE_WITH_EXTERNAL_INPUT
04	results/04_qc/samples/81012_1.h5ad	21842546	84504974e39a62e07bb988bbc978c2d80b3741872523838cd3d7a3af34201894	stage-04 per-sample QC checkpoint (all barcodes retained)	notebooks/04_qc.py	d6a85c6	2026-08-24	mm-qc	REPRODUCIBLE_WITH_EXTERNAL_INPUT
04	results/04_qc/samples/81012_2.h5ad	14919064	a57f6abe46cad5eacf1d2a2fa82e5c1566b8cf867fdc878cd5be5383263e052a	stage-04 per-sample QC checkpoint (all barcodes retained)	notebooks/04_qc.py	d6a85c6	2026-08-24	mm-qc	REPRODUCIBLE_WITH_EXTERNAL_INPUT
04	results/04_qc/samples/83942.h5ad	83414570	a84b5958e4809478ecde17a8fe3f55d5aa0155cb012d24512fdbe01937541f3b	stage-04 per-sample QC checkpoint (all barcodes retained)	notebooks/04_qc.py	d6a85c6	2026-08-24	mm-qc	REPRODUCIBLE_WITH_EXTERNAL_INPUT
04	results/04_qc/samples/BM2.h5ad	125251184	69d6f494b374ac10a24d4971d7d2efde0eb7f56fb03bb6ef59e554e150a8aaa5	stage-04 per-sample QC checkpoint (all barcodes retained)	notebooks/04_qc.py	d6a85c6	2026-08-24	mm-qc	REPRODUCIBLE_WITH_EXTERNAL_INPUT
04	results/04_qc/samples/BM4.h5ad	93571292	642adaf177f3f31c6875d81a4741720b5258c9fe6eda08ccb850c3675f04f325	stage-04 per-sample QC checkpoint (all barcodes retained)	notebooks/04_qc.py	d6a85c6	2026-08-24	mm-qc	REPRODUCIBLE_WITH_EXTERNAL_INPUT
04	results/04_qc/samples/BM5.h5ad	101263962	177abbd63c810282711557e92aee24ffe7e8647f23c4aab244000b84576550f0	stage-04 per-sample QC checkpoint (all barcodes retained)	notebooks/04_qc.py	d6a85c6	2026-08-24	mm-qc	REPRODUCIBLE_WITH_EXTERNAL_INPUT
04	results/04_qc/samples/BM6.h5ad	86734878	77099fe885e8d297fbd60798605a6e2ff34b2a14f6052a053b953e1d2eaa410f	stage-04 per-sample QC checkpoint (all barcodes retained)	notebooks/04_qc.py	d6a85c6	2026-08-24	mm-qc	REPRODUCIBLE_WITH_EXTERNAL_INPUT
04	results/04_qc/samples/MMRF_1267.h5ad	47137096	f70623c0c9ac3f051790be8d3d778e6ef1f4a554e1837ac7323842551bd4f4c8	stage-04 per-sample QC checkpoint (all barcodes retained)	notebooks/04_qc.py	d6a85c6	2026-08-24	mm-qc	REPRODUCIBLE_WITH_EXTERNAL_INPUT
04	results/04_qc/samples/MMRF_1325.h5ad	10939509	a8a9e26a65b9e5295476053044b035a48660eb9da90a6225e28059406f3b2d52	stage-04 per-sample QC checkpoint (all barcodes retained)	notebooks/04_qc.py	d6a85c6	2026-08-24	mm-qc	REPRODUCIBLE_WITH_EXTERNAL_INPUT
04	results/04_qc/samples/MMRF_1413.h5ad	50711342	085be8ca3c266675e69b14da51699bcc6bba5d942806137389b3fe95f28a8902	stage-04 per-sample QC checkpoint (all barcodes retained)	notebooks/04_qc.py	d6a85c6	2026-08-24	mm-qc	REPRODUCIBLE_WITH_EXTERNAL_INPUT
04	results/04_qc/samples/MMRF_1424.h5ad	41805980	43defc7c85bac0a04a8b389691e372332f05e6ce1b8fc06f2004e058599cb41b	stage-04 per-sample QC checkpoint (all barcodes retained)	notebooks/04_qc.py	d6a85c6	2026-08-24	mm-qc	REPRODUCIBLE_WITH_EXTERNAL_INPUT
04	results/04_qc/samples/MMRF_1505.h5ad	93835550	b8228ee5366613817da8dc8b93bd7a27e1673c1026a3eca1b3783bd4b0856c00	stage-04 per-sample QC checkpoint (all barcodes retained)	notebooks/04_qc.py	d6a85c6	2026-08-24	mm-qc	REPRODUCIBLE_WITH_EXTERNAL_INPUT
04	results/04_qc/samples/MMRF_1537.h5ad	52028018	de39307fb31f2c1d736ec4a66c7408ad60ada1ce14f1d7c9609d7984a2b92a3f	stage-04 per-sample QC checkpoint (all barcodes retained)	notebooks/04_qc.py	d6a85c6	2026-08-24	mm-qc	REPRODUCIBLE_WITH_EXTERNAL_INPUT
04	results/04_qc/samples/MMRF_1640.h5ad	38098946	6c9f3e9d12e560bbea5fc5657ad21dfe7f9662a559681c02e0c91ef9f53f1ef8	stage-04 per-sample QC checkpoint (all barcodes retained)	notebooks/04_qc.py	d6a85c6	2026-08-24	mm-qc	REPRODUCIBLE_WITH_EXTERNAL_INPUT
04	results/04_qc/samples/MMRF_1641.h5ad	31915484	910e03b9c8d3f1d5239ce7a334bba8de343a41af8d27e931455eb24d3da05b6c	stage-04 per-sample QC checkpoint (all barcodes retained)	notebooks/04_qc.py	d6a85c6	2026-08-24	mm-qc	REPRODUCIBLE_WITH_EXTERNAL_INPUT
04	results/04_qc/samples/MMRF_1686.h5ad	23277104	2626dbd5f4c77a2d0ca5d23a84f875bb8e9a3746cb49ebb756a75e7b6d228a65	stage-04 per-sample QC checkpoint (all barcodes retained)	notebooks/04_qc.py	d6a85c6	2026-08-24	mm-qc	REPRODUCIBLE_WITH_EXTERNAL_INPUT
04	results/04_qc/samples/MMRF_1695.h5ad	24124642	4e214a693364315559025b53ff10ce0ad1a88f47fc60ef7a94bc8ae3d3e80f17	stage-04 per-sample QC checkpoint (all barcodes retained)	notebooks/04_qc.py	d6a85c6	2026-08-24	mm-qc	REPRODUCIBLE_WITH_EXTERNAL_INPUT
04	results/04_qc/samples/MMRF_1720.h5ad	52504274	5892d01aaa908eb78d7963efaad7714ddf3eaf0d22f946baa7ea64609e5daa73	stage-04 per-sample QC checkpoint (all barcodes retained)	notebooks/04_qc.py	d6a85c6	2026-08-24	mm-qc	REPRODUCIBLE_WITH_EXTERNAL_INPUT
04	results/04_qc/samples/MMRF_1777.h5ad	24745584	8eaba46b26bede524f3e6e01bc02b1ca8ebb9f74bbb0f86dcec2a29724fca46c	stage-04 per-sample QC checkpoint (all barcodes retained)	notebooks/04_qc.py	d6a85c6	2026-08-24	mm-qc	REPRODUCIBLE_WITH_EXTERNAL_INPUT
04	results/04_qc/samples/MMRF_1941.h5ad	29296796	f74711d82041deb2ae949e07b1e195cbd636eb556ca4184f5e22ec8f61fded32	stage-04 per-sample QC checkpoint (all barcodes retained)	notebooks/04_qc.py	d6a85c6	2026-08-24	mm-qc	REPRODUCIBLE_WITH_EXTERNAL_INPUT
04	results/04_qc/samples/MMRF_1967.h5ad	24261463	80ced4f38e7056bfe5e794f2bbadc17ef5258918e9258240ab6daae65f02e76c	stage-04 per-sample QC checkpoint (all barcodes retained)	notebooks/04_qc.py	d6a85c6	2026-08-24	mm-qc	REPRODUCIBLE_WITH_EXTERNAL_INPUT
04	results/04_qc/samples/MMRF_2038.h5ad	44678078	75d514ba2b641e245cf2bf20573807e21d083f654cdb22a34f1d704451c65edb	stage-04 per-sample QC checkpoint (all barcodes retained)	notebooks/04_qc.py	d6a85c6	2026-08-24	mm-qc	REPRODUCIBLE_WITH_EXTERNAL_INPUT
04	results/04_qc/samples/MMRF_2168.h5ad	41796076	7c0d9c3c0a782a1fe6e89444e0b7bce52c8dbbfcbef001f1680e6144e7d18eb2	stage-04 per-sample QC checkpoint (all barcodes retained)	notebooks/04_qc.py	d6a85c6	2026-08-24	mm-qc	REPRODUCIBLE_WITH_EXTERNAL_INPUT
04	results/04_qc/samples/MMRF_2251.h5ad	99438908	b663c22e8531acfdb597bbee97f3ec599f2ff0ee37b1d1a747620bcb5aec0342	stage-04 per-sample QC checkpoint (all barcodes retained)	notebooks/04_qc.py	d6a85c6	2026-08-24	mm-qc	REPRODUCIBLE_WITH_EXTERNAL_INPUT
04	results/04_qc/samples/MMRF_2259.h5ad	51279829	32d4a77418e9d8a32a188ce2aa598f22c634179bf6d5a882b5b8c8748dc2fd39	stage-04 per-sample QC checkpoint (all barcodes retained)	notebooks/04_qc.py	d6a85c6	2026-08-24	mm-qc	REPRODUCIBLE_WITH_EXTERNAL_INPUT
04	results/04_qc/samples/MMY18273.h5ad	15096472	cd086c01becdff21c35ac05f5d7e690284c4e193117e050dc01efb0b6966996a	stage-04 per-sample QC checkpoint (all barcodes retained)	notebooks/04_qc.py	d6a85c6	2026-08-24	mm-qc	REPRODUCIBLE_WITH_EXTERNAL_INPUT
04	results/04_qc/samples/MMY21940.h5ad	36996624	c1e5f6bfc851a5ce41c29ea4cdddf08ae6f3faecf5834679b9fdb6ad75e132cb	stage-04 per-sample QC checkpoint (all barcodes retained)	notebooks/04_qc.py	d6a85c6	2026-08-24	mm-qc	REPRODUCIBLE_WITH_EXTERNAL_INPUT
04	results/04_qc/samples/MMY22933.h5ad	35242920	cb199cd27b21c08f85806651c61e78a723ea1c65824edc42595bfeac2059dc88	stage-04 per-sample QC checkpoint (all barcodes retained)	notebooks/04_qc.py	d6a85c6	2026-08-24	mm-qc	REPRODUCIBLE_WITH_EXTERNAL_INPUT
04	results/04_qc/samples/MMY34339.h5ad	13030744	363ea88fa15830f0edbcaa018fd404026df0c90b9518dcff019331131c659619	stage-04 per-sample QC checkpoint (all barcodes retained)	notebooks/04_qc.py	d6a85c6	2026-08-24	mm-qc	REPRODUCIBLE_WITH_EXTERNAL_INPUT
04	results/04_qc/samples/MMY34600.h5ad	52724630	26e093bedc8f728c1e159a9844f548fa23620e98bb00dbe148e34de3e50cf320	stage-04 per-sample QC checkpoint (all barcodes retained)	notebooks/04_qc.py	d6a85c6	2026-08-24	mm-qc	REPRODUCIBLE_WITH_EXTERNAL_INPUT
04	results/04_qc/samples/MMY40511.h5ad	39921764	a75b8e2d2731bac1512b50de2beaab4e9a0a1090a5f5b455ef2b01d181b6c1af	stage-04 per-sample QC checkpoint (all barcodes retained)	notebooks/04_qc.py	d6a85c6	2026-08-24	mm-qc	REPRODUCIBLE_WITH_EXTERNAL_INPUT
04	results/04_qc/samples/MMY47218.h5ad	39419416	0e98d6035e47b238ded9e94c0ea70d60e3ace023395528d4c7f873504e2006d4	stage-04 per-sample QC checkpoint (all barcodes retained)	notebooks/04_qc.py	d6a85c6	2026-08-24	mm-qc	REPRODUCIBLE_WITH_EXTERNAL_INPUT
04	results/04_qc/samples/MMY67868.h5ad	43517598	4c069be87220131f71f4fb877e74a5e8bb998b5ef739a303b8fe8d314266217a	stage-04 per-sample QC checkpoint (all barcodes retained)	notebooks/04_qc.py	d6a85c6	2026-08-24	mm-qc	REPRODUCIBLE_WITH_EXTERNAL_INPUT
04	results/04_qc/samples/MMY70893.h5ad	47762398	7a8b9133074ed85fc5935c70c2478249f1599d96c95179c76794d025216add34	stage-04 per-sample QC checkpoint (all barcodes retained)	notebooks/04_qc.py	d6a85c6	2026-08-24	mm-qc	REPRODUCIBLE_WITH_EXTERNAL_INPUT
04	results/04_qc/samples/MMY74196.h5ad	37936950	d1438983e983c3a682745fbb5666f96d762fd3b55d05b43e15097e5fa7f8af8d	stage-04 per-sample QC checkpoint (all barcodes retained)	notebooks/04_qc.py	d6a85c6	2026-08-24	mm-qc	REPRODUCIBLE_WITH_EXTERNAL_INPUT
04	results/04_qc/samples/MMY80649.h5ad	43449790	cc9ee9a91ffec449b4ba26e7e86d24ac74a060ff84b739bfca218a6e1064fbcd	stage-04 per-sample QC checkpoint (all barcodes retained)	notebooks/04_qc.py	d6a85c6	2026-08-24	mm-qc	REPRODUCIBLE_WITH_EXTERNAL_INPUT
04	results/04_qc/samples/MMY83942.h5ad	80785726	7e934a050454f0eb6b252d9795c40af7963298ea3b47a42ac04e704f6a64c3b3	stage-04 per-sample QC checkpoint (all barcodes retained)	notebooks/04_qc.py	d6a85c6	2026-08-24	mm-qc	REPRODUCIBLE_WITH_EXTERNAL_INPUT
04	results/04_qc/samples/MMY98423.h5ad	18974742	3b6e0c1c09fc9d37d8f54adfeb83a99d581e77750efb62aa8126d89523d7c7ad	stage-04 per-sample QC checkpoint (all barcodes retained)	notebooks/04_qc.py	d6a85c6	2026-08-24	mm-qc	REPRODUCIBLE_WITH_EXTERNAL_INPUT
04	results/04_qc/samples/ND_083017.h5ad	48630104	3d754554314876da333bdf609518365b121adabdc2c0d2eab83966fc78c1667a	stage-04 per-sample QC checkpoint (all barcodes retained)	notebooks/04_qc.py	d6a85c6	2026-08-24	mm-qc	REPRODUCIBLE_WITH_EXTERNAL_INPUT
04	results/04_qc/samples/ND_090617.h5ad	51556712	8978b19a80c132b85e90f9d9172262d67ac4d720de31c08656e2ce647fd10562	stage-04 per-sample QC checkpoint (all barcodes retained)	notebooks/04_qc.py	d6a85c6	2026-08-24	mm-qc	REPRODUCIBLE_WITH_EXTERNAL_INPUT
04	results/04_qc/samples/ND_170531.h5ad	25740326	37eae2ac71f67b272b6e1c57b7ae5090a4a850de691d1df09b49a076dd880cb1	stage-04 per-sample QC checkpoint (all barcodes retained)	notebooks/04_qc.py	d6a85c6	2026-08-24	mm-qc	REPRODUCIBLE_WITH_EXTERNAL_INPUT
04	results/04_qc/samples/ND_170607.h5ad	22762826	06625610a59db7f3753a19f0f789411cf6afb367a92f57797337f8274f2e54da	stage-04 per-sample QC checkpoint (all barcodes retained)	notebooks/04_qc.py	d6a85c6	2026-08-24	mm-qc	REPRODUCIBLE_WITH_EXTERNAL_INPUT
04	results/04_qc/umi_censoring_effect.csv	433	49d9bb2c919f7b9eb7f1937353cb428ac24e9ed6f0d1d483bac74d7f4183a9fe	stage result table	notebooks/04_qc.py	d6a85c6	2026-08-24	mm-qc	REPRODUCIBLE_WITH_EXTERNAL_INPUT
05	results/05_integration/batch_mixing_cohort.csv	2154	0e5274b2c41b0a47a27eb2c8500cae994965864cad0c4662dc8a4c061d47a9ff	stage result table	notebooks/05_integration_clustering.py	65487cb	2026-08-24	mm-core	REPRODUCIBLE_WITH_EXTERNAL_INPUT
05	results/05_integration/batch_mixing_n_genes_ref.csv	2107	70c1ca84abb6e13b0af7e745148fea219455f74534922b4daadad789c49d6e31	stage result table	notebooks/05_integration_clustering.py	65487cb	2026-08-24	mm-core	REPRODUCIBLE_WITH_EXTERNAL_INPUT
05	results/05_integration/batch_mixing_patient_id.csv	6453	6f8ab9aa9330624c3141398406c544ad1a6389139a53fe985113130aa9c40b72	stage result table	notebooks/05_integration_clustering.py	65487cb	2026-08-24	mm-core	REPRODUCIBLE_WITH_EXTERNAL_INPUT
05	results/05_integration/cluster_composition_by_sample.csv	28687	bb119bb149c2db0192748023b66eddd69f00381fd04c242294291d525de185fb	stage result table	notebooks/05_integration_clustering.py	65487cb	2026-08-24	mm-core	REPRODUCIBLE_WITH_EXTERNAL_INPUT
05	results/05_integration/cluster_profile.csv	2203	ddd7a9e964183a0f6d7ed9b98a2b07804e7074cd553f0ce638010b953384edbb	stage result table	notebooks/05_integration_clustering.py	65487cb	2026-08-24	mm-core	REPRODUCIBLE_WITH_EXTERNAL_INPUT
05	results/05_integration/depth_by_compartment.csv	101	d723cfc51ea94997b7c994a4fe0e7144d1d75876747e78dd52fbff572a286bd6	stage result table	notebooks/05_integration_clustering.py	65487cb	2026-08-24	mm-core	REPRODUCIBLE_WITH_EXTERNAL_INPUT
05	results/05_integration/figures/composition_by_sample.png	78045	e360ebdd2274a1c7ae872ea77fd2ed9e8f2ff41daec4b151e3563d91636f5628	figure	notebooks/05_integration_clustering.py	65487cb	2026-08-24	mm-core	REPRODUCIBLE_WITH_EXTERNAL_INPUT
05	results/05_integration/figures/dotplot_markers_by_cluster.png	220561	2e1480e393a93bab23aa448f49af26d2fafcb51663d4db686ad3bf8696c816a8	figure	notebooks/05_integration_clustering.py	65487cb	2026-08-24	mm-core	REPRODUCIBLE_WITH_EXTERNAL_INPUT
05	results/05_integration/figures/hvg_selection.png	99849	a7a2fa39ba44a39df9ad33b26b164e7b0cfbc8135616430b508ac64b79644ca3	figure	notebooks/05_integration_clustering.py	65487cb	2026-08-24	mm-core	REPRODUCIBLE_WITH_EXTERNAL_INPUT
05	results/05_integration/figures/pca_variance.png	74805	689a6dd4ea5ca6dcfc3717add0a665cf7f0a478185c75ef2d3b133d7d480ec4b	figure	notebooks/05_integration_clustering.py	65487cb	2026-08-24	mm-core	REPRODUCIBLE_WITH_EXTERNAL_INPUT
05	results/05_integration/figures/umap_depth.png	2204288	adf51d1847d8fc350d74faecb1eecf0cce225d9621f5c000779144f796419b71	figure	notebooks/05_integration_clustering.py	65487cb	2026-08-24	mm-core	REPRODUCIBLE_WITH_EXTERNAL_INPUT
05	results/05_integration/figures/umap_diagnostics.png	2926036	fd29de94105fbb8d928a7de830e559e8b15753a4bd2f6918b27a8c08699b15a0	figure	notebooks/05_integration_clustering.py	65487cb	2026-08-24	mm-core	REPRODUCIBLE_WITH_EXTERNAL_INPUT
05	results/05_integration/figures/umap_harmony_vs_uncorrected.png	1102613	1746222f69dff59a1e223d4d2ae803f6f10a3cafa022564541a3a9b5f119d228	figure	notebooks/05_integration_clustering.py	65487cb	2026-08-24	mm-core	REPRODUCIBLE_WITH_EXTERNAL_INPUT
05	results/05_integration/figures/umap_marker_sanity.png	2963152	fe20a13bd16a24d612f894a995568da7ad2de499fc86c4e2e647b491db9f2332	figure	notebooks/05_integration_clustering.py	65487cb	2026-08-24	mm-core	REPRODUCIBLE_WITH_EXTERNAL_INPUT
05	results/05_integration/harmony_vs_uncorrected.csv	166	294c30a74b960070c4b1a083a293d88b8915bd8ccc5e62491bae5a456cd4d1db	stage result table	notebooks/05_integration_clustering.py	65487cb	2026-08-24	mm-core	REPRODUCIBLE_WITH_EXTERNAL_INPUT
05	results/05_integration/hvg_panel_membership.csv	929	ed7313eed3cf84e3482f4d202179db9b1f70b9dc1256f232bcd6074f2d216ac5	stage result table	notebooks/05_integration_clustering.py	65487cb	2026-08-24	mm-core	REPRODUCIBLE_WITH_EXTERNAL_INPUT
05	results/05_integration/integrated.h5ad	1328271544	61c836255cc75fc4d1055a9163317ad60570a08397a3e70ef1fdbfcdd522adc8	AnnData checkpoint	notebooks/05_integration_clustering.py	65487cb	2026-08-24	mm-core	REPRODUCIBLE_WITH_EXTERNAL_INPUT
05	results/05_integration/pca_variance.csv	2231	93e4109504480be1159a8ceff239ddb17a5f39fc0f536a12e66d45aef1fa8d36	stage result table	notebooks/05_integration_clustering.py	65487cb	2026-08-24	mm-core	REPRODUCIBLE_WITH_EXTERNAL_INPUT
05	results/05_integration/plasma_cluster_depth.csv	600	ec788de5cac2c83ee5961373e7ffe8480fc663aad95d5edc926a26977a17bada	stage result table	notebooks/05_integration_clustering.py	65487cb	2026-08-24	mm-core	REPRODUCIBLE_WITH_EXTERNAL_INPUT
05	results/05_integration/preprocessing_summary.csv	172	7586411232a730b8ca00cc1aa4bd13980af179b017178d90af5adf6d40847e97	stage result table	notebooks/05_integration_clustering.py	65487cb	2026-08-24	mm-core	REPRODUCIBLE_WITH_EXTERNAL_INPUT
05b	results/05b_benchmark/arm_runtimes.csv	243	ddc6696344a8e5261a665e4c0bc67774a8dbf6c4e37220f8c73825774d16fc6f	stage result table	notebooks/05b_integration_benchmark.py	65487cb	2026-08-24	mm-integration	REPRODUCIBLE_WITH_EXTERNAL_INPUT
05b	results/05b_benchmark/candidate_embeddings.npz	199027410	4a07d94a4001771798bdad38852d1c6f24a6f47f40233bbd143eb7c0cbfc9dec	stage result table	notebooks/05b_integration_benchmark.py	65487cb	2026-08-24	mm-integration	REPRODUCIBLE_WITH_EXTERNAL_INPUT
05b	results/05b_benchmark/compartment_mixing.csv	388	cb1a5339da2a88b68c2369255edfac7ef5e0ad4453ab687c2eec4c6d5012921c	stage result table	notebooks/05b_integration_benchmark.py	65487cb	2026-08-24	mm-integration	REPRODUCIBLE_WITH_EXTERNAL_INPUT
05b	results/05b_benchmark/decision.csv	993	db0a4da8433aeefdd6a2f066c0e49ff03cc24ebbc8f28a6ad99e786d9a93dc92	stage result table	notebooks/05b_integration_benchmark.py	65487cb	2026-08-24	mm-integration	REPRODUCIBLE_WITH_EXTERNAL_INPUT
05b	results/05b_benchmark/decision.md	2660	b748d4798311e43fcbf5fd7d63b4ca368fb13514e02a4319468c089dadbfbebe	frozen design / summary document	notebooks/05b_integration_benchmark.py	65487cb	2026-08-24	mm-integration	REPRODUCIBLE_WITH_EXTERNAL_INPUT
05b	results/05b_benchmark/depth_association.csv	1214	7d2b44882164af1af078dff85883bec6f075efed36d497646d000cd8bcb1bc2d	stage result table	notebooks/05b_integration_benchmark.py	65487cb	2026-08-24	mm-integration	REPRODUCIBLE_WITH_EXTERNAL_INPUT
05b	results/05b_benchmark/figures/benchmark_summary.png	133910	e3a8f069ee2072a76ddeef57ce6318930463160331411717fd37ba251a4c3c7b	figure	notebooks/05b_integration_benchmark.py	65487cb	2026-08-24	mm-integration	REPRODUCIBLE_WITH_EXTERNAL_INPUT
05b	results/05b_benchmark/provisional_labels.csv	8696297	682cf99b70b974666547ee09e24e203b32d2d5fa651ec66039e8713a48934c88	stage result table	notebooks/05b_integration_benchmark.py	65487cb	2026-08-24	mm-integration	REPRODUCIBLE_WITH_EXTERNAL_INPUT
05b	results/05b_benchmark/scib_global.csv	1893	e543cc025faa7bcc8c40be66c91902e7f2e8916b7dd4cbd0734038d0a5f5ad1b	stage result table	notebooks/05b_integration_benchmark.py	65487cb	2026-08-24	mm-integration	REPRODUCIBLE_WITH_EXTERNAL_INPUT
05b	results/05b_benchmark/scib_immune.csv	1891	5bfc274d1dbe9a06ffb0820af51e4558c47e2ee5f287a9ffe2e76c01f967ad53	stage result table	notebooks/05b_integration_benchmark.py	65487cb	2026-08-24	mm-integration	REPRODUCIBLE_WITH_EXTERNAL_INPUT
06	results/06_annotation/STAGE06_FINAL.md	3762	b855aa7edb78f8b91eafca18801c4954ae6b0fbd1019e82e0b687d1550ed9e8b	frozen design / summary document	(frozen document authored in place; no analysis code)	n/a	2026-08-25	mm-annotation	ARCHIVED_ONLY
06	results/06_annotation/annotated.h5ad	800696429	246fb1004e2cf5ac1a1e536bdc60e057646470dc715fbf365c33bb150c1c89a2	AnnData checkpoint	notebooks/06_annotation.py	625b7be	2026-08-25	mm-annotation	REPRODUCIBLE_WITH_EXTERNAL_INPUT
06	results/06_annotation/annotation_decision.csv	2717	40a381f5c1f251d837517bff2009b3b479707c0edd2fa2dcae7e141329cbdd48	stage result table	notebooks/06_annotation.py	625b7be	2026-08-25	mm-annotation	REPRODUCIBLE_WITH_EXTERNAL_INPUT
06	results/06_annotation/cluster23_local/cluster23_local.h5ad	92822883	88446c345d0d6d6c9aa9f612a5ad2af260f81ca49fba4fd56a01212c73422bea	AnnData checkpoint	production/stage06/s06g_cluster23_local.py	pending-commit(this-repair-pass)	2026-08-25	mm-annotation	REPRODUCIBLE_WITH_EXTERNAL_INPUT
06	results/06_annotation/cluster23_local/cluster23_local_summary.md	5723	a754ece461c85ad6f8054715d06948dd590206ea140de654c56fac513c6b32c0	frozen design / summary document	(frozen document authored in place; no analysis code)	n/a	2026-08-25	mm-annotation	ARCHIVED_ONLY
06	results/06_annotation/cluster23_local/lineage_patient_representation.csv	178	588accbf2f2a0d62e0a56b6bc34ebc473cda82b3bd8566f9e62393515e10e6a9	stage result table	production/stage06/s06g_cluster23_local.py	pending-commit(this-repair-pass)	2026-08-25	mm-annotation	REPRODUCIBLE_WITH_EXTERNAL_INPUT
06	results/06_annotation/cluster23_local/local_cluster_assignments.csv.gz	149553	5ff8b64079841d0a8475d9d7b3b49f54660cc2c58a8f92ab2b7f2cc3dcbef95f	stage result table	production/stage06/s06g_cluster23_local.py	pending-commit(this-repair-pass)	2026-08-25	mm-annotation	REPRODUCIBLE_WITH_EXTERNAL_INPUT
06	results/06_annotation/cluster23_local/local_cluster_composition_by_cohort.csv	207	944cf520e4a8a7adaac136471d6491da9fe72ada743110bc4ca0812196e01661	stage result table	production/stage06/s06g_cluster23_local.py	pending-commit(this-repair-pass)	2026-08-25	mm-annotation	REPRODUCIBLE_WITH_EXTERNAL_INPUT
06	results/06_annotation/cluster23_local/local_cluster_composition_by_patient.csv	1819	25ae737c98b17d8635e28c60c0017d076586eea40266440f83d14af54ec59780	stage result table	production/stage06/s06g_cluster23_local.py	pending-commit(this-repair-pass)	2026-08-25	mm-annotation	REPRODUCIBLE_WITH_EXTERNAL_INPUT
06	results/06_annotation/cluster23_local/local_cluster_composition_by_sample.csv	2255	dfe7f448a71b8bf216ce053841b754c9294349da86b8fa50e274aa364516a47d	stage result table	production/stage06/s06g_cluster23_local.py	pending-commit(this-repair-pass)	2026-08-25	mm-annotation	REPRODUCIBLE_WITH_EXTERNAL_INPUT
06	results/06_annotation/cluster23_local/local_de_markers.csv	1274	39ecc5918a77a6cfb5b7f136a49c86e1074ec4dc1fd5f35dd3be3d5a2d96a2d7	stage result table	production/stage06/s06g_cluster23_local.py	pending-commit(this-repair-pass)	2026-08-25	mm-annotation	REPRODUCIBLE_WITH_EXTERNAL_INPUT
06	results/06_annotation/cluster23_local/local_lineage_evidence.csv.gz	82380	58653982e7f9d28509f726a8b53fcab2d3ba47fe1d3da371b5a7f64801cc7348	stage result table	production/stage06/s06g_cluster23_local.py	pending-commit(this-repair-pass)	2026-08-25	mm-annotation	REPRODUCIBLE_WITH_EXTERNAL_INPUT
06	results/06_annotation/cluster23_local/local_marker_detection.csv	1907	c43548a7049bbb559134fde84c7fd379ed0648d8d492b0d4821b195a040803f9	stage result table	production/stage06/s06g_cluster23_local.py	pending-commit(this-repair-pass)	2026-08-25	mm-annotation	REPRODUCIBLE_WITH_EXTERNAL_INPUT
06	results/06_annotation/cluster23_local/local_resolution_sweep.csv	370	014f7997813e706222ef60c02121b9e88ed7445896e1fc8ee8666ae2691205ce	stage result table	production/stage06/s06g_cluster23_local.py	pending-commit(this-repair-pass)	2026-08-25	mm-annotation	REPRODUCIBLE_WITH_EXTERNAL_INPUT
06	results/06_annotation/cluster23_local/local_technical_covariates.csv	1134	ae322758417c65932bc8d17e3a3a5febf2cf98f17108b5598cdf6e58f73e68fa	stage result table	production/stage06/s06g_cluster23_local.py	pending-commit(this-repair-pass)	2026-08-25	mm-annotation	REPRODUCIBLE_WITH_EXTERNAL_INPUT
06	results/06_annotation/cluster23_local/trbc_context_revision/old_vs_new_transition_table.csv	147	abdc1c143f7356aa117e3bb91784e2d7be2af7a5b2dff734f5e26c67757337c8	stage result table	production/stage06/s06i_trbc_context_revision.sh	pending-commit(this-repair-pass)	2026-08-25	mm-annotation	REPRODUCIBLE_WITH_EXTERNAL_INPUT
06	results/06_annotation/cluster23_local/trbc_context_revision/revised_cluster23_interpretation.md	5763	54e51afd0ac5f1ba373fa31e1dceedff72612b01c136be0e73285c8bf69548a1	frozen design / summary document	(frozen document authored in place; no analysis code)	n/a	2026-08-25	mm-annotation	ARCHIVED_ONLY
06	results/06_annotation/cluster23_local/trbc_context_revision/revised_lineage_calls.csv.gz	315453	3eb680cb3f2267300c940a9e5c002d721caac28f625f23200f6360c766fc1c78	stage result table	production/stage06/s06i_trbc_context_revision.sh	pending-commit(this-repair-pass)	2026-08-25	mm-annotation	REPRODUCIBLE_WITH_EXTERNAL_INPUT
06	results/06_annotation/cluster23_local/trbc_context_revision/revised_lineage_evidence_summary.csv	1170	cc8c5da3b6b9a7fb61a502645b340ba7ec54e7fe489d66702df781307618fafd	stage result table	production/stage06/s06i_trbc_context_revision.sh	pending-commit(this-repair-pass)	2026-08-25	mm-annotation	REPRODUCIBLE_WITH_EXTERNAL_INPUT
06	results/06_annotation/cluster23_local/trbc_context_revision/revised_patient_representation.csv	1069	7e8ed7d6e6a52f0a1ed0f2a09e740a9e887e98c2d8bf494ed4e3e94be26c132c	stage result table	production/stage06/s06i_trbc_context_revision.sh	pending-commit(this-repair-pass)	2026-08-25	mm-annotation	REPRODUCIBLE_WITH_EXTERNAL_INPUT
06	results/06_annotation/cluster23_local/trbc_context_revision/revised_sample_representation.csv	1321	05c4f3c71d135540af45a645026b246d7f4e5b2325bf37d6d77408df63b852bc	stage result table	production/stage06/s06i_trbc_context_revision.sh	pending-commit(this-repair-pass)	2026-08-25	mm-annotation	REPRODUCIBLE_WITH_EXTERNAL_INPUT
06	results/06_annotation/cluster23_local/trbc_context_revision/revised_trbc_context_summary.csv	187	3461811976542e9b9ab4d43556d506ca79171be818e506bc28ddbe85ddd3564d	stage result table	production/stage06/s06i_trbc_context_revision.sh	pending-commit(this-repair-pass)	2026-08-25	mm-annotation	REPRODUCIBLE_WITH_EXTERNAL_INPUT
06	results/06_annotation/cluster23_local/trbc_diagnostic/gamma_delta_diagnostic.csv	225	f482a69b589ea59daa0ee391bb8b1facbe4ace4840258303a89b93ee854e7bc9	stage result table	production/stage06/s06h_trbc_diagnostic.py	pending-commit(this-repair-pass)	2026-08-25	mm-annotation	REPRODUCIBLE_WITH_EXTERNAL_INPUT
06	results/06_annotation/cluster23_local/trbc_diagnostic/trbc_by_lineage_call.csv	137	3030bce91e4c4f6152922aa5a11793b54126511cece894b435ddb77984c5553d	stage result table	production/stage06/s06h_trbc_diagnostic.py	pending-commit(this-repair-pass)	2026-08-25	mm-annotation	REPRODUCIBLE_WITH_EXTERNAL_INPUT
06	results/06_annotation/cluster23_local/trbc_diagnostic/trbc_by_patient.csv	908	b3dac8eaf2ee04de09f1e27b2a32b7319676047d2b3f29d5ae5d111573b31126	stage result table	production/stage06/s06h_trbc_diagnostic.py	pending-commit(this-repair-pass)	2026-08-25	mm-annotation	REPRODUCIBLE_WITH_EXTERNAL_INPUT
06	results/06_annotation/cluster23_local/trbc_diagnostic/trbc_by_sample.csv	1151	baf53ae3455a510d89dfb9097697357c8c2907a3d322937b10ee74ea607ecd44	stage result table	production/stage06/s06h_trbc_diagnostic.py	pending-commit(this-repair-pass)	2026-08-25	mm-annotation	REPRODUCIBLE_WITH_EXTERNAL_INPUT
06	results/06_annotation/cluster23_local/trbc_diagnostic/trbc_coexpression_patterns.csv	369	8ca28b6bc1dfa439abb10879ee46285ccfaae84803a0a8dffdf0d945dd07d273	stage result table	production/stage06/s06h_trbc_diagnostic.py	pending-commit(this-repair-pass)	2026-08-25	mm-annotation	REPRODUCIBLE_WITH_EXTERNAL_INPUT
06	results/06_annotation/cluster23_local/trbc_diagnostic/trbc_diagnostic_summary.md	5821	b418f21d2818e0fb0168623276431c6b783f635e8b44ff7b8c8f8fea5fda15bf	frozen design / summary document	(frozen document authored in place; no analysis code)	n/a	2026-08-25	mm-annotation	ARCHIVED_ONLY
06	results/06_annotation/cluster23_local/trbc_diagnostic/trbc_doublet_depth_diagnostic.csv	290	ceea5d5dbf04d73f7583f2799b1e908c188a1d13c1609ffac7db2459aee0d129	stage result table	production/stage06/s06h_trbc_diagnostic.py	pending-commit(this-repair-pass)	2026-08-25	mm-annotation	REPRODUCIBLE_WITH_EXTERNAL_INPUT
06	results/06_annotation/cluster23_local/trbc_diagnostic/trbc_raw_count_summary.csv	970	06c7daac0da5dcf3c172ad1534a2104ddf3efeaf49e8ddfaeac254cc8c83f3f1	stage result table	production/stage06/s06h_trbc_diagnostic.py	pending-commit(this-repair-pass)	2026-08-25	mm-annotation	REPRODUCIBLE_WITH_EXTERNAL_INPUT
06	results/06_annotation/cluster23_local/trbc_diagnostic/trbc_sensitivity_calls.csv	102	6bf2a043473f3c5e8cf7fbe2c4214a0ba0cdde232217a6b70d2ba16eccca0183	stage result table	production/stage06/s06h_trbc_diagnostic.py	pending-commit(this-repair-pass)	2026-08-25	mm-annotation	REPRODUCIBLE_WITH_EXTERNAL_INPUT
06	results/06_annotation/cluster23_local/trbc_diagnostic/trbc_sensitivity_crosstab.csv	151	bfa8154c944853b75205e7a73e24804c20ffe3f28db1b8228a2beeaf98b1a412	stage result table	production/stage06/s06h_trbc_diagnostic.py	pending-commit(this-repair-pass)	2026-08-25	mm-annotation	REPRODUCIBLE_WITH_EXTERNAL_INPUT
06	results/06_annotation/cluster23_local/trbc_diagnostic/trbc_vs_tcell_abundance.csv	1151	baf53ae3455a510d89dfb9097697357c8c2907a3d322937b10ee74ea607ecd44	stage result table	production/stage06/s06h_trbc_diagnostic.py	pending-commit(this-repair-pass)	2026-08-25	mm-annotation	REPRODUCIBLE_WITH_EXTERNAL_INPUT
06	results/06_annotation/cluster23_local_partB_frozen/cluster23_local.h5ad	92822883	88446c345d0d6d6c9aa9f612a5ad2af260f81ca49fba4fd56a01212c73422bea	AnnData checkpoint	production/stage06/s06g_cluster23_local.py	pending-commit(this-repair-pass)	2026-08-25	mm-annotation	REPRODUCIBLE_WITH_EXTERNAL_INPUT
06	results/06_annotation/cluster23_local_partB_frozen/cluster23_local_summary.md	5723	a754ece461c85ad6f8054715d06948dd590206ea140de654c56fac513c6b32c0	frozen design / summary document	(frozen document authored in place; no analysis code)	n/a	2026-08-25	mm-annotation	ARCHIVED_ONLY
06	results/06_annotation/cluster23_local_partB_frozen/lineage_patient_representation.csv	178	588accbf2f2a0d62e0a56b6bc34ebc473cda82b3bd8566f9e62393515e10e6a9	stage result table	production/stage06/s06g_cluster23_local.py	pending-commit(this-repair-pass)	2026-08-25	mm-annotation	REPRODUCIBLE_WITH_EXTERNAL_INPUT
06	results/06_annotation/cluster23_local_partB_frozen/local_cluster_assignments.csv.gz	149553	5ff8b64079841d0a8475d9d7b3b49f54660cc2c58a8f92ab2b7f2cc3dcbef95f	stage result table	production/stage06/s06g_cluster23_local.py	pending-commit(this-repair-pass)	2026-08-25	mm-annotation	REPRODUCIBLE_WITH_EXTERNAL_INPUT
06	results/06_annotation/cluster23_local_partB_frozen/local_cluster_composition_by_cohort.csv	207	944cf520e4a8a7adaac136471d6491da9fe72ada743110bc4ca0812196e01661	stage result table	production/stage06/s06g_cluster23_local.py	pending-commit(this-repair-pass)	2026-08-25	mm-annotation	REPRODUCIBLE_WITH_EXTERNAL_INPUT
06	results/06_annotation/cluster23_local_partB_frozen/local_cluster_composition_by_patient.csv	1819	25ae737c98b17d8635e28c60c0017d076586eea40266440f83d14af54ec59780	stage result table	production/stage06/s06g_cluster23_local.py	pending-commit(this-repair-pass)	2026-08-25	mm-annotation	REPRODUCIBLE_WITH_EXTERNAL_INPUT
06	results/06_annotation/cluster23_local_partB_frozen/local_cluster_composition_by_sample.csv	2255	dfe7f448a71b8bf216ce053841b754c9294349da86b8fa50e274aa364516a47d	stage result table	production/stage06/s06g_cluster23_local.py	pending-commit(this-repair-pass)	2026-08-25	mm-annotation	REPRODUCIBLE_WITH_EXTERNAL_INPUT
06	results/06_annotation/cluster23_local_partB_frozen/local_de_markers.csv	1274	39ecc5918a77a6cfb5b7f136a49c86e1074ec4dc1fd5f35dd3be3d5a2d96a2d7	stage result table	production/stage06/s06g_cluster23_local.py	pending-commit(this-repair-pass)	2026-08-25	mm-annotation	REPRODUCIBLE_WITH_EXTERNAL_INPUT
06	results/06_annotation/cluster23_local_partB_frozen/local_lineage_evidence.csv.gz	82380	58653982e7f9d28509f726a8b53fcab2d3ba47fe1d3da371b5a7f64801cc7348	stage result table	production/stage06/s06g_cluster23_local.py	pending-commit(this-repair-pass)	2026-08-25	mm-annotation	REPRODUCIBLE_WITH_EXTERNAL_INPUT
06	results/06_annotation/cluster23_local_partB_frozen/local_marker_detection.csv	1907	c43548a7049bbb559134fde84c7fd379ed0648d8d492b0d4821b195a040803f9	stage result table	production/stage06/s06g_cluster23_local.py	pending-commit(this-repair-pass)	2026-08-25	mm-annotation	REPRODUCIBLE_WITH_EXTERNAL_INPUT
06	results/06_annotation/cluster23_local_partB_frozen/local_resolution_sweep.csv	370	014f7997813e706222ef60c02121b9e88ed7445896e1fc8ee8666ae2691205ce	stage result table	production/stage06/s06g_cluster23_local.py	pending-commit(this-repair-pass)	2026-08-25	mm-annotation	REPRODUCIBLE_WITH_EXTERNAL_INPUT
06	results/06_annotation/cluster23_local_partB_frozen/local_technical_covariates.csv	1134	ae322758417c65932bc8d17e3a3a5febf2cf98f17108b5598cdf6e58f73e68fa	stage result table	production/stage06/s06g_cluster23_local.py	pending-commit(this-repair-pass)	2026-08-25	mm-annotation	REPRODUCIBLE_WITH_EXTERNAL_INPUT
06	results/06_annotation/cluster_de_top_genes.csv	1905	bace54f70d1266b8d48732fd66aea2f0e3a585cf208b321b2c07b7c612dee537	stage result table	production/stage06/s06a_cluster_de_top_genes.sh	pending-commit(this-repair-pass)	2026-08-25	mm-annotation	REPRODUCIBLE_WITH_EXTERNAL_INPUT
06	results/06_annotation/composition_by_patient.csv	8914	775a6caaba410c0d82f1290f83edc0949278e44bed1064c3ceaaf89acda9d6c6	stage result table	production/stage06/s06g_cluster23_local.py	pending-commit(this-repair-pass)	2026-08-25	mm-annotation	REPRODUCIBLE_WITH_EXTERNAL_INPUT
06	results/06_annotation/composition_by_sample.csv	10955	60f1094a68a877c3db49aff10e3683c15a66e56a7d843c198eab1831b1b1bc5e	stage result table	production/stage06/s06g_cluster23_local.py	pending-commit(this-repair-pass)	2026-08-25	mm-annotation	REPRODUCIBLE_WITH_EXTERNAL_INPUT
06	results/06_annotation/concordance_celltypist.csv	421	e8cc80847bc891e1d11a157c462567da37c90ad115b1f2748a01070d93ddaf67	stage result table	notebooks/06_annotation.py	625b7be	2026-08-25	mm-annotation	REPRODUCIBLE_WITH_EXTERNAL_INPUT
06	results/06_annotation/concordance_f1.csv	357	58dce26b25da4aee743ff8cf4721475323b15e2222329ab15303e29dd3b3afdc	stage result table	notebooks/06_annotation.py	625b7be	2026-08-25	mm-annotation	REPRODUCIBLE_WITH_EXTERNAL_INPUT
06	results/06_annotation/concordance_singler_hpca.csv	535	a9fe767a76e768e410b9cef15c9574ed90a809ee56174300719bd4a61928e5fa	stage result table	notebooks/06_annotation.py	625b7be	2026-08-25	mm-annotation	REPRODUCIBLE_WITH_EXTERNAL_INPUT
06	results/06_annotation/concordance_singler_nov.csv	462	9209d0b4ee317f19b13a106ee3e111065e72146a6ea5fc18f0f40748e360713d	stage result table	notebooks/06_annotation.py	625b7be	2026-08-25	mm-annotation	REPRODUCIBLE_WITH_EXTERNAL_INPUT
06	results/06_annotation/final_cell_type_counts.csv	247	8ac852f17ad046037886a30c3db9f94cc3504350126827bbd16c8773f78c988c	stage result table	notebooks/06_annotation.py	625b7be	2026-08-25	mm-annotation	REPRODUCIBLE_WITH_EXTERNAL_INPUT
06	results/06_annotation/lineage_contradiction_by_method.csv	523	b38116e457e01b46dac0409871bcf88ca7499ef49e571359cba33d1f89eb56d9	stage result table	production/stage06/s06b_lineage_contradiction.sh	pending-commit(this-repair-pass)	2026-08-25	mm-annotation	REPRODUCIBLE_WITH_EXTERNAL_INPUT
06	results/06_annotation/lineage_contradiction_celltypist.csv	762	018ab03215cd0b7321578b3261e20b97b3e0b99ae466c24428c53f3174f92d19	stage result table	production/stage06/s06b_lineage_contradiction.sh	pending-commit(this-repair-pass)	2026-08-25	mm-annotation	REPRODUCIBLE_WITH_EXTERNAL_INPUT
06	results/06_annotation/lineage_contradiction_manual.csv	660	652cfe9e0c42b1777d0da4db3a21bd6617e89f9c7afa54960969f789fd15ad55	stage result table	production/stage06/s06b_lineage_contradiction.sh	pending-commit(this-repair-pass)	2026-08-25	mm-annotation	REPRODUCIBLE_WITH_EXTERNAL_INPUT
06	results/06_annotation/lineage_contradiction_singler_hpca.csv	595	7e56c7278ef0cddcbf540e8233788209dcc933cff0f3415da5b41365a704bd81	stage result table	production/stage06/s06b_lineage_contradiction.sh	pending-commit(this-repair-pass)	2026-08-25	mm-annotation	REPRODUCIBLE_WITH_EXTERNAL_INPUT
06	results/06_annotation/lineage_contradiction_singler_nov.csv	677	dc3375877bdac9ac8e2ea88d1a3047ed13a8eb9c1d47383e2a62b9790cd7fb53	stage result table	production/stage06/s06b_lineage_contradiction.sh	pending-commit(this-repair-pass)	2026-08-25	mm-annotation	REPRODUCIBLE_WITH_EXTERNAL_INPUT
06	results/06_annotation/manual_cluster_adjudication.csv	8765	18a419995bf58bd6b324504358f943f4a2f0152a4d67b02caca03900fab426ba	stage result table	production/stage06/s06c_manual_cluster_adjudication.sh	pending-commit(this-repair-pass)	2026-08-25	mm-annotation	REPRODUCIBLE_WITH_EXTERNAL_INPUT
06	results/06_annotation/marker_coverage_by_method.csv	248	195bf71d37165507213f026a753e0c07c65b7070467a3b69510902368ccade7e	stage result table	notebooks/06_annotation.py	625b7be	2026-08-25	mm-annotation	REPRODUCIBLE_WITH_EXTERNAL_INPUT
06	results/06_annotation/marker_coverage_by_stratum.csv	1494	5913156324338b2e9b2957b6ab13ef08af3f9a6f4b12d10acff5212d8328b357	stage result table	notebooks/06_annotation.py	625b7be	2026-08-25	mm-annotation	REPRODUCIBLE_WITH_EXTERNAL_INPUT
06	results/06_annotation/marker_detection_by_cluster.csv	38648	7ad3bdf0d688b1a4f1d0be9f017c0fb6a14a13ddefe561e40ad2d5635b5532e2	stage result table	production/stage06/s06e_paper_benchmark_markers.sh	pending-commit(this-repair-pass)	2026-08-25	mm-annotation	REPRODUCIBLE_WITH_EXTERNAL_INPUT
06	results/06_annotation/paper_annotation_benchmark/cluster_paper_comparison.csv	3052	6e2cde63f4832dabb1c6d282a4ddc3224e93e1d4b8c762cba35a2408adb9d8a1	stage result table	production/stage06/s06e_paper_benchmark_markers.sh	pending-commit(this-repair-pass)	2026-08-25	mm-annotation	REPRODUCIBLE_WITH_EXTERNAL_INPUT
06	results/06_annotation/paper_annotation_benchmark/failure_mode_marker_detection.csv	5694	62da0ca37642a4d43332d7dcb34faa6564b57fb8485351ea7538c6e555c311cf	stage result table	production/stage06/s06f_paper_benchmark_failure_modes.sh	pending-commit(this-repair-pass)	2026-08-25	mm-annotation	REPRODUCIBLE_WITH_EXTERNAL_INPUT
06	results/06_annotation/paper_annotation_benchmark/key_cluster_comparison.csv	1278	5534e2f8efa823d5a2ed6e6e984dcc7b4553b1875848e3ac876be9bf104bb2a8	stage result table	production/stage06/s06f_paper_benchmark_failure_modes.sh	pending-commit(this-repair-pass)	2026-08-25	mm-annotation	REPRODUCIBLE_WITH_EXTERNAL_INPUT
06	results/06_annotation/paper_annotation_benchmark/paper_annotation_benchmark.md	8913	2dc959c67ffcdc170f048fa99f7906465e0ccf4b5cc1c3999f2bac1653aa0e54	frozen design / summary document	(frozen document authored in place; no analysis code)	n/a	2026-08-25	mm-annotation	ARCHIVED_ONLY
06	results/06_annotation/paper_annotation_benchmark/paper_marker_detection_by_cluster.csv	5806	d71050d9b60b6df55e482367586e4915d23f33f6b4f5d08e10fc0c278e770a12	stage result table	production/stage06/s06e_paper_benchmark_markers.sh	pending-commit(this-repair-pass)	2026-08-25	mm-annotation	REPRODUCIBLE_WITH_EXTERNAL_INPUT
06	results/06_annotation/paper_annotation_benchmark/paper_marker_mapping.csv	1339	71cb25dc7ced855102b8c7d5f4099dce8afa5dc28105fa0407aec5465d1a8450	stage result table	production/stage06/s06e_paper_benchmark_markers.sh	pending-commit(this-repair-pass)	2026-08-25	mm-annotation	REPRODUCIBLE_WITH_EXTERNAL_INPUT
06	results/06_annotation/per_cell_labels.csv.gz	2619604	a170b7d9d17a228acde242f8c4282eb37c99dbbad32e32bbd342a1adc7c35f02	stage result table	notebooks/06_annotation.py	625b7be	2026-08-25	mm-annotation	REPRODUCIBLE_WITH_EXTERNAL_INPUT
06	results/06_annotation/plasma_cluster_marker_support.csv	1527	b0a19b185cdb6355125f64e4f513bea64a107d16fe44541a4ae2c29699ed0b09	stage result table	notebooks/06_annotation.py	625b7be	2026-08-25	mm-annotation	REPRODUCIBLE_WITH_EXTERNAL_INPUT
06	results/06_annotation/run_metadata.json	820	33b50100b5790d51cb6a54091b2649fd11f908a02b34f4d436b08f5ee0fd7b96	run metadata / digest record	notebooks/06_annotation.py	625b7be	2026-08-25	mm-annotation	REPRODUCIBLE_WITH_EXTERNAL_INPUT
06	results/06_annotation/state_program_means_by_cell_type.csv	1012	4aa35e0854cb2e9ac5337eb4e6a1c57f1997c0e6f0652ef94a94014daca87a55	stage result table	notebooks/06_annotation.py	625b7be	2026-08-25	mm-annotation	REPRODUCIBLE_WITH_EXTERNAL_INPUT
06	results/06_annotation/state_program_scores.csv.gz	11004193	51652410a8e5644071135a5f9aadb3196616df9d5fae48b2a9373fe5f6333d19	stage result table	notebooks/06_annotation.py	625b7be	2026-08-25	mm-annotation	REPRODUCIBLE_WITH_EXTERNAL_INPUT
06	results/06_annotation/veto_states.csv	590	705f3221c3471ba9a442eae7c24e44207a4e7b944f684bf6d890307eda7da7c1	stage result table	production/stage06/s06d_veto_states.sh	pending-commit(this-repair-pass)	2026-08-25	mm-annotation	REPRODUCIBLE_WITH_EXTERNAL_INPUT
07	results/07_malignant_plasma/STAGE07_DESIGN.md	9390	1b80cbba93aa8f955f8aa0fd76b7634d5b834dd27fb3732217f9626abe62d6ea	frozen design / summary document	(frozen document authored in place; no analysis code)	n/a	2026-08-25	mm-core	ARCHIVED_ONLY
07	results/07_malignant_plasma/cnv_gate_by_patient.csv	3080	5656ede07875710b671932e2e4e099d9927e1cab9fc19b5bccc97342cec91d7c	stage result table	production/stage07/s07a_cnv_reference_availability_and_gate.sh	pending-commit(this-repair-pass)	2026-08-25	mm-core	REPRODUCIBLE_FROM_COMMITTED_CODE
07	results/07_malignant_plasma/cnv_negative_result/CNV_FROZEN_NOT_EVALUABLE.md	1671	2ddd0f422004c0e6b468851344eb4cee5ca2b345ede177487495177f7fb0ccd1	frozen design / summary document	(frozen document authored in place; no analysis code)	n/a	2026-08-25	mm-core	ARCHIVED_ONLY
07	results/07_malignant_plasma/cnv_negative_result/cnv_excluded_genes.tsv.gz	6439	a37acf169b02cb3a4697f34542719e5058f54baba6d422f5eae81f7c0288763d	gene-set record	production/stage07/s07c_cnv_input_gene_set.sh	pending-commit(this-repair-pass)	2026-08-25	mm-core	REPRODUCIBLE_FROM_COMMITTED_CODE
07	results/07_malignant_plasma/cnv_negative_result/cnv_input_gene_set.tsv.gz	554754	9d153f5ce285615fafd0ac5f91903801458102d709bb77a1afc78c66f14a07ac	gene-set record	production/stage07/s07c_cnv_input_gene_set.sh	pending-commit(this-repair-pass)	2026-08-25	mm-core	REPRODUCIBLE_FROM_COMMITTED_CODE
07	results/07_malignant_plasma/cnv_negative_result/donor_cnv_calibration.csv	2016	eac57a2a737567638b3c034796f031bd59bc3d535d0f347277e9df14ccc260cd	stage result table	production/stage07/s07d_donor_cnv_calibration.py	pending-commit(this-repair-pass)	2026-08-25	mm-core	REPRODUCIBLE_FROM_COMMITTED_CODE
07	results/07_malignant_plasma/cnv_negative_result/donor_cnv_calibration_feasibility.csv	495	9032683a979385edb73475c98dc905fe4e0f1aff57ab426d80d546eda8e00635	stage result table	production/stage07/s07a_cnv_reference_availability_and_gate.sh	pending-commit(this-repair-pass)	2026-08-25	mm-core	REPRODUCIBLE_FROM_COMMITTED_CODE
07	results/07_malignant_plasma/cnv_negative_result/donor_cnv_cells_BM2.csv.gz	104635	38e8617e0c8b90f989a5bd0d902688fbdd5666ff65c22c829e3d6c19768c81ad	stage result table	production/stage07/s07d_donor_cnv_calibration.py	pending-commit(this-repair-pass)	2026-08-25	mm-core	REPRODUCIBLE_FROM_COMMITTED_CODE
07	results/07_malignant_plasma/cnv_negative_result/donor_cnv_cells_BM4.csv.gz	95213	eb939c4b6e79d99b5fd2def8bbc3cb588dc01c09f8519085fcd672b2bdd4f411	stage result table	production/stage07/s07d_donor_cnv_calibration.py	pending-commit(this-repair-pass)	2026-08-25	mm-core	REPRODUCIBLE_FROM_COMMITTED_CODE
07	results/07_malignant_plasma/cnv_negative_result/donor_cnv_cells_BM5.csv.gz	86399	06c00e9af42781099a2cf1e7dee0c926f3eab59da9062b9ee20a0995b722777e	stage result table	production/stage07/s07d_donor_cnv_calibration.py	pending-commit(this-repair-pass)	2026-08-25	mm-core	REPRODUCIBLE_FROM_COMMITTED_CODE
07	results/07_malignant_plasma/cnv_negative_result/donor_cnv_cells_BM6.csv.gz	75217	eb759153f25a321ea19482bdb2740d24f6569fc7805eeb9edbd5762633a9d13f	stage result table	production/stage07/s07d_donor_cnv_calibration.py	pending-commit(this-repair-pass)	2026-08-25	mm-core	REPRODUCIBLE_FROM_COMMITTED_CODE
07	results/07_malignant_plasma/cnv_negative_result/donor_cnv_cells_ND_083017.csv.gz	103409	24a2a9b626af530b41da3db2a4b10c6f9a11be1598a7cd440ace1f43c69df574	stage result table	production/stage07/s07d_donor_cnv_calibration.py	pending-commit(this-repair-pass)	2026-08-25	mm-core	REPRODUCIBLE_FROM_COMMITTED_CODE
07	results/07_malignant_plasma/cnv_negative_result/donor_cnv_cells_ND_090617.csv.gz	98461	1cd7544c5e1a3ecfc7893dce3c0e0d5f9c6c97176362b608a44f975232f80417	stage result table	production/stage07/s07d_donor_cnv_calibration.py	pending-commit(this-repair-pass)	2026-08-25	mm-core	REPRODUCIBLE_FROM_COMMITTED_CODE
07	results/07_malignant_plasma/cnv_negative_result/donor_cnv_cells_ND_170531.csv.gz	52810	8fa9f64f628949a4db867dd639a40dce435ac884cdf9e37204a4046ecce7ec0c	stage result table	production/stage07/s07d_donor_cnv_calibration.py	pending-commit(this-repair-pass)	2026-08-25	mm-core	REPRODUCIBLE_FROM_COMMITTED_CODE
07	results/07_malignant_plasma/cnv_negative_result/donor_cnv_cells_ND_170607.csv.gz	59113	b27cc55ec1431f6fda577d4e91455f7ddf32cef44dda0bf31649e7c1ec64591e	stage result table	production/stage07/s07d_donor_cnv_calibration.py	pending-commit(this-repair-pass)	2026-08-25	mm-core	REPRODUCIBLE_FROM_COMMITTED_CODE
07	results/07_malignant_plasma/cnv_reference_availability_by_sample.csv	3501	c51caa95495dde44a84e13860ca0cd000a57fe2bc288556d3a6fd87f58783f59	stage result table	production/stage07/s07a_cnv_reference_availability_and_gate.sh	pending-commit(this-repair-pass)	2026-08-25	mm-core	REPRODUCIBLE_FROM_COMMITTED_CODE
07	results/07_malignant_plasma/donor_light_chain_calibration.csv	273	eec01b8a1e8a267e6b96c10f1ee8f20371b38c440c67d7f33af5a4f772ddc79e	stage result table	production/stage07/s07b_light_chain_dominance.sh	pending-commit(this-repair-pass)	2026-08-25	mm-core	REPRODUCIBLE_FROM_COMMITTED_CODE
07	results/07_malignant_plasma/ig_clone_feasibility/candidate_clone_signatures.csv	5787	a2b5fbc51c3c9389606e7eab7d977285c2af239aa98e172ad42fbc69c45694ea	stage result table	production/stage07/s07g_candidate_clone_signatures.sh	pending-commit(this-repair-pass)	2026-08-25	mm-core	REPRODUCIBLE_FROM_COMMITTED_CODE
07	results/07_malignant_plasma/ig_clone_feasibility/cross_patient_specificity.csv	2147	cc9e3fe9607df36d01dff63b4fd7b7f9f7bd45b3075b6a20d557010990dbb5f8	stage result table	production/stage07/s07e_ig_vj_audit.py	pending-commit(this-repair-pass)	2026-08-25	mm-core	REPRODUCIBLE_FROM_COMMITTED_CODE
07	results/07_malignant_plasma/ig_clone_feasibility/ig_clone_feasibility_summary.md	5229	ef1911d772d4baaa1b9c3398e451130949aa5923cb7980c134963fee488a5887	frozen design / summary document	(frozen document authored in place; no analysis code)	n/a	2026-08-25	mm-core	ARCHIVED_ONLY
07	results/07_malignant_plasma/ig_clone_feasibility/ig_gene_availability.csv	427	da3c240f535e63ef5dd56c83498b9064006ca8173739aa0d0ecf9d13d56771bb	stage result table	production/stage07/s07e_ig_vj_audit.py	pending-commit(this-repair-pass)	2026-08-25	mm-core	REPRODUCIBLE_FROM_COMMITTED_CODE
07	results/07_malignant_plasma/ig_clone_feasibility/ig_vj_detection_per_cell.csv.gz	708645	767e1453c5f69a58411f4d290e041e1103d4531160e6434a3dcd40b9b24bd4f0	stage result table	production/stage07/s07e_ig_vj_audit.py	pending-commit(this-repair-pass)	2026-08-25	mm-core	REPRODUCIBLE_FROM_COMMITTED_CODE
07	results/07_malignant_plasma/ig_clone_feasibility/normal_donor_vj_summary.csv	400	c763d42d6f3476d46ba51c56c4ce7e1f7b7af73d3e076697a00c95401d23df0c	stage result table	production/stage07/s07f_ig_vj_donor_and_repeated.py	pending-commit(this-repair-pass)	2026-08-25	mm-core	REPRODUCIBLE_FROM_COMMITTED_CODE
07	results/07_malignant_plasma/ig_clone_feasibility/patient_vj_summary.csv	3391	7b3a815c963fef769cd140984290d8ec13ad23353c724d73532c71700c2e6904	stage result table	production/stage07/s07e_ig_vj_audit.py	pending-commit(this-repair-pass)	2026-08-25	mm-core	REPRODUCIBLE_FROM_COMMITTED_CODE
07	results/07_malignant_plasma/ig_clone_feasibility/repeated_sample_vj_consistency.csv	1225	8462f0dccda8a8caecae9789ef3e18f17bf0414365ccc79dcea386d1b4bcaac5	stage result table	production/stage07/s07f_ig_vj_donor_and_repeated.py	pending-commit(this-repair-pass)	2026-08-25	mm-core	REPRODUCIBLE_FROM_COMMITTED_CODE
07	results/07_malignant_plasma/ig_clone_feasibility/vj_evaluability.csv	2530	9928d40e7278d0082b62ffe37f50b5416b614577535f851fbe0ed0ed08739512	stage result table	production/stage07/s07f_ig_vj_donor_and_repeated.py	pending-commit(this-repair-pass)	2026-08-25	mm-core	REPRODUCIBLE_FROM_COMMITTED_CODE
07	results/07_malignant_plasma/patient_light_chain_D.csv	1970	0bce0117fd69da563a0e0355709f9aa0b13d82213a950845103c5ae5c6246bda	stage result table	production/stage07/s07b_light_chain_dominance.sh	pending-commit(this-repair-pass)	2026-08-25	mm-core	REPRODUCIBLE_FROM_COMMITTED_CODE
07	results/07_malignant_plasma/plasma_light_chain_percell.csv.gz	330363	f6a296a9a3c4ba01237d673902260216384c1effd87b7a1e337b2d4752f452be	stage result table	production/stage07/s07b_light_chain_dominance.sh	pending-commit(this-repair-pass)	2026-08-25	mm-core	REPRODUCIBLE_FROM_COMMITTED_CODE
07	results/07_malignant_plasma/v_clone_membership/antigen_circularity_invariance.md	1346	c80f66fa74205b0b323d947c5926ab6bccc61bfc85cc07f83206fc484c2d49b3	frozen design / summary document	(frozen document authored in place; no analysis code)	n/a	2026-08-25	mm-core	ARCHIVED_ONLY
07	results/07_malignant_plasma/v_clone_membership/antigen_circularity_invariance.py	4518	71600b9b735514bb2340333b6ed592cf84e0dc34e4c765d0aa776d1654951a74	in-place analysis script (also mirrored under production/)	production/stage07/s07j_antigen_circularity_invariance.py	pending-commit(this-repair-pass)	2026-08-25	mm-core	REPRODUCIBLE_FROM_COMMITTED_CODE
07	results/07_malignant_plasma/v_clone_membership/clone_membership_per_cell.csv.gz	918846	9bb6f7d5d6d6cf7f626d98060592545e029d27c3fff0405acfd3654ac64bfa40	stage result table	notebooks/07_malignant_plasma.py	625b7be	2026-08-25	mm-core	REPRODUCIBLE_FROM_COMMITTED_CODE
07	results/07_malignant_plasma/v_clone_membership/clone_membership_summary_by_patient.csv	3757	3d5a523dce4bb9a96a76e8c74b8d7960e25467aa047c68de2627d60579b41b37	stage result table	production/stage07/s07h_clone_membership.py	pending-commit(this-repair-pass)	2026-08-25	mm-core	REPRODUCIBLE_FROM_COMMITTED_CODE
07	results/07_malignant_plasma/v_clone_membership/patient_dominant_v_rule.csv	3671	5ef07cac4b038aebf36377269437348ff4886747693acd9133bd210f30175622	stage result table	production/stage07/s07h_clone_membership.py	pending-commit(this-repair-pass)	2026-08-25	mm-core	REPRODUCIBLE_FROM_COMMITTED_CODE
07	results/07_malignant_plasma/v_clone_membership/patient_v_evaluability.csv	5969	7266e77828c99b527349f0c1ab488f176ba455e83530d86924c4f7487a662fcd	stage result table	notebooks/07_malignant_plasma.py	625b7be	2026-08-25	mm-core	REPRODUCIBLE_FROM_COMMITTED_CODE
07	results/07_malignant_plasma/v_clone_membership/primary_vs_sensitivity_denominator_sizes.csv	1058	59c78a2152d79c76767f2bc996779f732f5b04d7105a0263e227de707fe0780b	stage result table	production/stage07/s07i_clone_bias_and_denominators.py	pending-commit(this-repair-pass)	2026-08-25	mm-core	REPRODUCIBLE_FROM_COMMITTED_CODE
07	results/07_malignant_plasma/v_clone_membership/repeated_sample_clone_consistency.csv	1768	39f4c9a4f632d27561d101ae46b9d36cd1f018a70ecb4fe3ce4b38c7ab7b3c16	stage result table	production/stage07/s07i_clone_bias_and_denominators.py	pending-commit(this-repair-pass)	2026-08-25	mm-core	REPRODUCIBLE_FROM_COMMITTED_CODE
07	results/07_malignant_plasma/v_clone_membership/stage08_denominator_predeclaration.md	2065	129940de5548bc318a939e9b1d29a3e672da6c52bad41c07ee91d8537c1c3bc0	frozen design / summary document	(frozen document authored in place; no analysis code)	n/a	2026-08-25	mm-core	ARCHIVED_ONLY
07	results/07_malignant_plasma/v_clone_membership/v_clone_membership_summary.md	5282	74190d8692b58cdd26b7bd133a6f7b5590ffaf4ff3ba14c3b5a363a329be0b60	frozen design / summary document	(frozen document authored in place; no analysis code)	n/a	2026-08-25	mm-core	ARCHIVED_ONLY
07	results/07_malignant_plasma/v_clone_membership/v_detection_antigen_bias_by_cohort.csv	318	7a19041f8c4a51823cedd8a3719e7765cfdcaab12f0f8b16acfa3ce6791f5e62	stage result table	production/stage07/s07i_clone_bias_and_denominators.py	pending-commit(this-repair-pass)	2026-08-25	mm-core	REPRODUCIBLE_FROM_COMMITTED_CODE
07	results/07_malignant_plasma/v_clone_membership/v_detection_antigen_bias_by_patient.csv	1199	deddb98f277d893abc1f902b8c5e9f6e614662eac5585e2f4e0153c44b56561d	stage result table	production/stage07/s07i_clone_bias_and_denominators.py	pending-commit(this-repair-pass)	2026-08-25	mm-core	REPRODUCIBLE_FROM_COMMITTED_CODE
07	results/07_malignant_plasma/v_clone_membership/v_detection_antigen_bias_pooled.csv	119	73d35aa3618bd9db535fcaa429b3a3c2b45963ccc554de1e0c29b04a8e87d1bd	stage result table	production/stage07/s07i_clone_bias_and_denominators.py	pending-commit(this-repair-pass)	2026-08-25	mm-core	REPRODUCIBLE_FROM_COMMITTED_CODE
07	results/07_malignant_plasma/v_clone_membership/v_detection_depth_bias_by_cohort.csv	420	dbd98acf23189fd2b619927778e119da2b7133acdc912233a1c2dd0ab3c9157d	stage result table	notebooks/07_malignant_plasma.py	625b7be	2026-08-25	mm-core	REPRODUCIBLE_FROM_COMMITTED_CODE
07	results/07_malignant_plasma/v_clone_membership/v_detection_depth_bias_by_patient.csv	1556	24c6bff8a5019ec9f9b4329eb28939b2cc55a4d03e02818c438081a4a1bf617a	stage result table	production/stage07/s07h_clone_membership.py	pending-commit(this-repair-pass)	2026-08-25	mm-core	REPRODUCIBLE_FROM_COMMITTED_CODE
07	results/07_malignant_plasma/v_clone_membership/v_detection_depth_bias_pooled.csv	218	fd8e3dabe42195528ec156ab73a5576bbbaed136fbf63dba7877fd6f6a593b2f	stage result table	notebooks/07_malignant_plasma.py	625b7be	2026-08-25	mm-core	REPRODUCIBLE_FROM_COMMITTED_CODE
08	results/08_dual_antigen_escape/antigen_states.h5ad	774179330	3481a40b29e6565d9586e64eac6c975530c5bdfbf8ef9f72cfa541e850573fbf	AnnData checkpoint	production/stage08/s08e_antigen_states_checkpoint.py	pending-commit(this-repair-pass)	2026-08-25	mm-core	REPRODUCIBLE_FROM_COMMITTED_CODE
08	results/08_dual_antigen_escape/cell_antigen_states.csv.gz	445050	a82c212a247e2bebe842a7f626d2e846c0932849d478bce97af0d41c3303b5f5	stage result table	production/stage08/s08c_cell_states_repeated_technical_zero.py	pending-commit(this-repair-pass)	2026-08-25	mm-core	REPRODUCIBLE_FROM_COMMITTED_CODE
08	results/08_dual_antigen_escape/depth_strata_definition.csv	1106	ebb3ada99b0986e66454759c28d7043382692ea2ece092059fa0cdd0f891270a	stage result table	production/stage08/s08a_patient_antigen_states.py	pending-commit(this-repair-pass)	2026-08-25	mm-core	REPRODUCIBLE_FROM_COMMITTED_CODE
08	results/08_dual_antigen_escape/depth_stratified_null.csv	2188	f4b63ce47f9f6de757fde250c13bfc8e153ee2647d509c845c211e167e011919	stage result table	production/stage08/s08b_null_scheme_truncate10k_denominator_ambient.py	pending-commit(this-repair-pass)	2026-08-25	mm-core	REPRODUCIBLE_FROM_COMMITTED_CODE
08	results/08_dual_antigen_escape/noise_floor_ambient.csv	903	4d1220324ac40ee13b60dd93a8fce2cdb0d464630f17a97e0d6d33f5a8e157b4	stage result table	production/stage08/s08b_null_scheme_truncate10k_denominator_ambient.py	pending-commit(this-repair-pass)	2026-08-25	mm-core	REPRODUCIBLE_FROM_COMMITTED_CODE
08	results/08_dual_antigen_escape/noise_floor_technical_zero.csv	1367	d9591aaf8f5d424b2e803ced5c09c3c6adc6ad30003b04461f0609b62086b1cb	stage result table	production/stage08/s08c_cell_states_repeated_technical_zero.py	pending-commit(this-repair-pass)	2026-08-25	mm-core	REPRODUCIBLE_FROM_COMMITTED_CODE
08	results/08_dual_antigen_escape/patient_antigen_states_primary.csv	13929	e0d7265b54179e94489d2d735629d13af4490c3ddbd7b5fe240146fd196c5949	stage result table	notebooks/08_dual_antigen_escape.py	625b7be	2026-08-25	mm-core	REPRODUCIBLE_FROM_COMMITTED_CODE
08	results/08_dual_antigen_escape/patient_antigen_states_sensitivity.csv	14158	5118b33d830f7217edf4d07f2f13696aee1557749c4da1f93a02211af5a48d09	stage result table	notebooks/08_dual_antigen_escape.py	625b7be	2026-08-25	mm-core	REPRODUCIBLE_FROM_COMMITTED_CODE
08	results/08_dual_antigen_escape/patient_bootstrap_intervals.csv	4586	d2cd437655e9ec83057993e7493eeb19dc289edc2c1233d5e0075c43dd26a2cc	stage result table	production/stage08/s08a_patient_antigen_states.py	pending-commit(this-repair-pass)	2026-08-25	mm-core	REPRODUCIBLE_FROM_COMMITTED_CODE
08	results/08_dual_antigen_escape/patient_conegativity_enrichment.csv	14448	6b60a843b2b52bd10e88cc1a9e6bbff31be207b9fef29cd3bf6d62c798c63ab2	stage result table	production/stage08/s08a_patient_antigen_states.py	pending-commit(this-repair-pass)	2026-08-25	mm-core	REPRODUCIBLE_FROM_COMMITTED_CODE
08	results/08_dual_antigen_escape/patient_evidence_states.csv	5167	7efe8f494c0a4683d447088a12b9ac594423c3edf0e539f680d791d9ee6e03fe	stage result table	production/stage08/s08d_patient_evidence_states.py	pending-commit(this-repair-pass)	2026-08-25	mm-core	REPRODUCIBLE_FROM_COMMITTED_CODE
08	results/08_dual_antigen_escape/primary_vs_sensitivity_denominator_comparison.csv	3068	3e8a69f09894f72096e331207e6ced81f3490cbc68f4da9f15167808740229e3	stage result table	production/stage08/s08b_null_scheme_truncate10k_denominator_ambient.py	pending-commit(this-repair-pass)	2026-08-25	mm-core	REPRODUCIBLE_FROM_COMMITTED_CODE
08	results/08_dual_antigen_escape/repeated_sample_antigen_consistency.csv	931	9f4032c9727a5e209466abc41f298ffe443cb666cc5e847a2c2632ce6724400a	stage result table	production/stage08/s08c_cell_states_repeated_technical_zero.py	pending-commit(this-repair-pass)	2026-08-25	mm-core	REPRODUCIBLE_FROM_COMMITTED_CODE
08	results/08_dual_antigen_escape/stage08_escape_summary.md	7232	53a94c4b32cd535f0043f4b8c6a0ba55adc47a49aeebd0aac8cd088037b52958	frozen design / summary document	(frozen document authored in place; no analysis code)	n/a	2026-08-25	mm-core	ARCHIVED_ONLY
08	results/08_dual_antigen_escape/stage08_predeclaration.md	6994	2946d95a10c52b9e3926dfd6a1ef60cf1b1476c510f5afc3ec3013eb7d58d300	frozen design / summary document	(frozen document authored in place; no analysis code)	n/a	2026-08-25	mm-core	ARCHIVED_ONLY
08	results/08_dual_antigen_escape/truncate10k_sensitivity.csv	2764	e202005c8f62767144454d2d4febe59d6b8b7c23403f152dc45f9cea1cf05342	stage result table	production/stage09/s09c_marginal_correlations.py	pending-commit(this-repair-pass)	2026-08-25	mm-core	REPRODUCIBLE_FROM_COMMITTED_CODE
08c	results/08_dual_antigen_escape/multi_antigen_coverage/anchor_bcma_gprc5d_coverage.csv	7692	93b8000a69f64a04847530f373a367b2dd4cd76280563106fe76feaa331ae0d8	stage result table	notebooks/08c_multi_antigen_coverage.py	625b7be	2026-08-26	mm-core	REPRODUCIBLE_FROM_COMMITTED_CODE
08c	results/08_dual_antigen_escape/multi_antigen_coverage/frozen_upstream_digests.json	1309	b4e4d4bca0d472299a2c3e0d84063916cb4a172ffee45da2ce7e94f403efdfaf	run metadata / digest record	notebooks/08c_multi_antigen_coverage.py	625b7be	2026-08-26	mm-core	REPRODUCIBLE_FROM_COMMITTED_CODE
08c	results/08_dual_antigen_escape/multi_antigen_coverage/incremental_gain_pairs.csv	315987	69e4326c187cac6d31b252ca8c28c8b33448d7b7eb71ebcdc7a0c4b895a49855	stage result table	notebooks/08c_multi_antigen_coverage.py	625b7be	2026-08-26	mm-core	REPRODUCIBLE_FROM_COMMITTED_CODE
08c	results/08_dual_antigen_escape/multi_antigen_coverage/incremental_gain_triples.csv	877964	c2ca3d5017cba768c321daee5b66125a82bef13a2bdab6ffae40e0b14a1af623	stage result table	notebooks/08c_multi_antigen_coverage.py	625b7be	2026-08-26	mm-core	REPRODUCIBLE_FROM_COMMITTED_CODE
08c	results/08_dual_antigen_escape/multi_antigen_coverage/multi_antigen_coverage_summary.md	20472	4cc0f1e98a5eea914d0b255a3e5ee512db7440f45272a4f0f78efa0ecb299946	frozen design / summary document	notebooks/08c_multi_antigen_coverage.py	625b7be	2026-08-26	mm-core	REPRODUCIBLE_FROM_COMMITTED_CODE
08c	results/08_dual_antigen_escape/multi_antigen_coverage/multi_antigen_design.md	19140	30517f38718293c850fc6c4e6f19d2fc643379e1d39bce2648c0ea3192596465	frozen design / summary document	notebooks/08c_multi_antigen_coverage.py	625b7be	2026-08-26	mm-core	REPRODUCIBLE_FROM_COMMITTED_CODE
08c	results/08_dual_antigen_escape/multi_antigen_coverage/normal_marrow_target_context.csv	4102	bd6cf9e19e9e78fb1f9c4b1d56fff42a6a72110e86077c607258edc7fafd7a6b	stage result table	notebooks/08c_multi_antigen_coverage.py	625b7be	2026-08-26	mm-core	REPRODUCIBLE_FROM_COMMITTED_CODE
08c	results/08_dual_antigen_escape/multi_antigen_coverage/pair_coverage.csv	154827	906b940593be2fbc8cc968888f8992ea1121f7089f523cd66d0654830e8b0dee	stage result table	notebooks/08c_multi_antigen_coverage.py	625b7be	2026-08-26	mm-core	REPRODUCIBLE_FROM_COMMITTED_CODE
08c	results/08_dual_antigen_escape/multi_antigen_coverage/pairwise_coloss_context.csv	77924	eddedda765a17542f4f9d85c3d7117764aad7f7d4a72dca1652ab4c1283014d4	stage result table	notebooks/08c_multi_antigen_coverage.py	625b7be	2026-08-26	mm-core	REPRODUCIBLE_FROM_COMMITTED_CODE
08c	results/08_dual_antigen_escape/multi_antigen_coverage/primary_denominator_gene_means.csv	835880	abac9fddbbecb208da231d6abbbb0e5a5410ed5ddc5e3fd28db439f23549305f	stage result table	notebooks/08c_multi_antigen_coverage.py	625b7be	2026-08-26	mm-core	REPRODUCIBLE_FROM_COMMITTED_CODE
08c	results/08_dual_antigen_escape/multi_antigen_coverage/primary_vs_sensitivity_coverage.csv	199674	ce4a54a5fe9068f4f39b9cdaa24a8bad7de560c95a5015cfa47b99b36d233115	stage result table	notebooks/08c_multi_antigen_coverage.py	625b7be	2026-08-26	mm-core	REPRODUCIBLE_FROM_COMMITTED_CODE
08c	results/08_dual_antigen_escape/multi_antigen_coverage/repeated_sample_coverage.csv	74596	5dfd04bdb49410309e79cc42e75cb8a98fc78c91aeace153f4aacae9826cd217	stage result table	notebooks/08c_multi_antigen_coverage.py	625b7be	2026-08-26	mm-core	REPRODUCIBLE_FROM_COMMITTED_CODE
08c	results/08_dual_antigen_escape/multi_antigen_coverage/sdc1_differentiation_checkpoint.csv	994	30fa76fcb478548e3cdf284e0e560f207ee56aee36d945187a31b63b58aa0643	stage result table	notebooks/08c_multi_antigen_coverage.py	625b7be	2026-08-26	mm-core	REPRODUCIBLE_FROM_COMMITTED_CODE
08c	results/08_dual_antigen_escape/multi_antigen_coverage/single_target_coverage.csv	41354	0fecb4a6c7b73977959725f5e075c2c6e723d306855bc3ce1acc317b020a567d	stage result table	notebooks/08c_multi_antigen_coverage.py	625b7be	2026-08-26	mm-core	REPRODUCIBLE_FROM_COMMITTED_CODE
08c	results/08_dual_antigen_escape/multi_antigen_coverage/stage12_multi_antigen_interface.csv	10533	4abd45617d5ed8be0cfafc1a304781d5400b2055a9f46d68864079e4089fc870	stage result table	notebooks/08c_multi_antigen_coverage.py	625b7be	2026-08-26	mm-core	REPRODUCIBLE_FROM_COMMITTED_CODE
08c	results/08_dual_antigen_escape/multi_antigen_coverage/target_measurement_qc.csv	6834	a88df535c106ff504f802df94f31eff6b34d0d2fc8cbbebde8331726525b4aa5	stage result table	notebooks/08c_multi_antigen_coverage.py	625b7be	2026-08-26	mm-core	REPRODUCIBLE_FROM_COMMITTED_CODE
08c	results/08_dual_antigen_escape/multi_antigen_coverage/target_technical_zero_floor.csv	5903	73ae11d746a33f17f0380608eb5f1fad0b5255748e061ee7cd358dd9445be3c7	stage result table	notebooks/08c_multi_antigen_coverage.py	625b7be	2026-08-26	mm-core	REPRODUCIBLE_FROM_COMMITTED_CODE
08c	results/08_dual_antigen_escape/multi_antigen_coverage/triple_coverage.csv	310816	ba60278d92e22374138f3e42ed9972216f9b637182129e427dcb4c4edcfbdf1b	stage result table	notebooks/08c_multi_antigen_coverage.py	625b7be	2026-08-26	mm-core	REPRODUCIBLE_FROM_COMMITTED_CODE
08c	results/08_dual_antigen_escape/multi_antigen_coverage/truncate10k_coverage_sensitivity.csv	173316	d8cabc3dfaf3f24e9ac08750c9df5acfa27dbe8d46a8f8ed84fc3545aa4c654a	stage result table	notebooks/08c_multi_antigen_coverage.py	625b7be	2026-08-26	mm-core	REPRODUCIBLE_FROM_COMMITTED_CODE
09	results/09_bulk_validation/bulk_antigen_abundance.csv	3571	e1351834c8cb25b5ea8067ca6f592a5ddd18d953011a83a4022d02ef38927530	stage result table	production/stage09/s09a_bulk_antigen_abundance.py	pending-commit(this-repair-pass)	2026-08-25	mm-core	REPRODUCIBLE_FROM_COMMITTED_CODE
09	results/09_bulk_validation/bulk_vs_sc_by_cohort.csv	1338	13024e43d01c8c03b21cd7b1923b298de97bd6bcf2c517eafcf0ee4c0ac38eb1	stage result table	production/stage09/s09c_marginal_correlations.py	pending-commit(this-repair-pass)	2026-08-25	mm-core	REPRODUCIBLE_FROM_COMMITTED_CODE
09	results/09_bulk_validation/bulk_vs_sc_gprc5d.csv	681	c83476b8f6941580a764a7e3ba3780fef15573c21772f580ceeaa1ae29b7b30b	stage result table	production/stage09/s09c_marginal_correlations.py	pending-commit(this-repair-pass)	2026-08-25	mm-core	REPRODUCIBLE_FROM_COMMITTED_CODE
09	results/09_bulk_validation/bulk_vs_sc_tnfrsf17.csv	711	b8e5b255e1d4c50c5a9b60adb1e5edab276f85608f184db675cba5cc55a441d0	stage result table	production/stage09/s09c_marginal_correlations.py	pending-commit(this-repair-pass)	2026-08-25	mm-core	REPRODUCIBLE_FROM_COMMITTED_CODE
09	results/09_bulk_validation/bulk_vs_sc_truncate10k_sensitivity.csv	222	1a5dae6d9091b54fb0e48aa785a767df08f787ad4c22e6cc6020ffb3381417b5	stage result table	production/stage09/s09c_marginal_correlations.py	pending-commit(this-repair-pass)	2026-08-25	mm-core	REPRODUCIBLE_FROM_COMMITTED_CODE
09	results/09_bulk_validation/normal_marrow_antigen_context.csv	1234	97129e59628a11750e980b355b9ee427899d037fbe0b458472b5f18a24fda9bd	stage result table	production/stage09/s09d_repeated_and_normal_marrow.py	pending-commit(this-repair-pass)	2026-08-25	mm-core	REPRODUCIBLE_FROM_COMMITTED_CODE
09	results/09_bulk_validation/repeated_sample_bulk_consistency.csv	1394	f8f6104fdba293cc30810708771e3b5f778ca88846a428bb97c98d64e13c91c8	stage result table	production/stage09/s09d_repeated_and_normal_marrow.py	pending-commit(this-repair-pass)	2026-08-25	mm-core	REPRODUCIBLE_FROM_COMMITTED_CODE
09	results/09_bulk_validation/sc_bulk_sample_mapping.csv	3761	e759ea56c79afdc57225c69ca386ec9fd70a0f6b41d818b6c7b1b799fe25bb29	stage result table	production/stage09/s09b_sc_bulk_sample_mapping.py	pending-commit(this-repair-pass)	2026-08-25	mm-core	REPRODUCIBLE_FROM_COMMITTED_CODE
09	results/09_bulk_validation/sc_marginal_antigen_primary.csv	1332	b4dc0a9c3d328adafdf768319de3dd2b3defcb0b50f272f62e2cec5f75331c86	stage result table	production/stage09/s09c_marginal_correlations.py	pending-commit(this-repair-pass)	2026-08-25	mm-core	REPRODUCIBLE_FROM_COMMITTED_CODE
09	results/09_bulk_validation/sc_marginal_antigen_sensitivity.csv	1352	44b0d46b5e34f8df198a637ba00a57dd370cd38d940bd541fab33cb35cecdc6f	stage result table	production/stage09/s09c_marginal_correlations.py	pending-commit(this-repair-pass)	2026-08-25	mm-core	REPRODUCIBLE_FROM_COMMITTED_CODE
09	results/09_bulk_validation/stage09_bulk_validation_summary.md	7585	a6ac2a076abf63db267d554669f37b5efdd890bb3b134c13262162bd459dae4f	frozen design / summary document	(frozen document authored in place; no analysis code)	n/a	2026-08-25	mm-core	ARCHIVED_ONLY
09	results/09_bulk_validation/stage09_design.md	5692	55c69068a23fe0cff4b60ef6b5453e60689f18de9cafdfbf070bc3c5f742aa20	frozen design / summary document	(frozen document authored in place; no analysis code)	n/a	2026-08-25	mm-core	ARCHIVED_ONLY
09b	results/08_dual_antigen_escape/risk_tier_design/patient_evidence_matrix.csv	11840	caadf6920b597f839dfce00488bbb7a4cb5f6cb3d09ebb2d970ce4315ba1a9c8	stage result table	production/stage09b/s09b1_patient_evidence_matrix.py	pending-commit(this-repair-pass)	2026-08-25	mm-core	REPRODUCIBLE_FROM_COMMITTED_CODE
09b	results/08_dual_antigen_escape/risk_tier_design/risk_tier_design.md	9543	bee51a79c176dff6ceec6eb37838e4d8d2f59ede7bfe10845a47e6012b383eaa	frozen design / summary document	(frozen document authored in place; no analysis code)	n/a	2026-08-25	mm-core	ARCHIVED_ONLY
09b	results/08_dual_antigen_escape/risk_tier_provisional/README_PROVISIONAL.md	1656	35100e7cfefd18e5ebe2fc2f4c30d655eeb08c5b6268fa2bbf91ecc69ce14fbf	frozen design / summary document	production/stage09b/s09b4_provisional_relabel.sh	pending-commit(this-repair-pass)	2026-08-25	mm-core	REPRODUCIBLE_FROM_COMMITTED_CODE
09b	results/08_dual_antigen_escape/risk_tier_provisional/risk_tier_by_cohort_diagnostic.csv	642	e6342cb224ebef1ea35b9d7c0c2e58c6787160795ba546b8301623e1e1f88106	stage result table	production/stage09b/s09b3_cohort_diagnostic.py	pending-commit(this-repair-pass)	2026-08-25	mm-core	REPRODUCIBLE_FROM_COMMITTED_CODE
09b	results/08_dual_antigen_escape/risk_tier_provisional/risk_tier_evidence_long.csv	2660	70ecdab846fdd47517bf2f67af71447f5cff635fb8613a38fc0068986747e97d	stage result table	production/stage09b/s09b2_provisional_tiers.py	pending-commit(this-repair-pass)	2026-08-25	mm-core	REPRODUCIBLE_FROM_COMMITTED_CODE
09b	results/08_dual_antigen_escape/risk_tier_provisional/risk_tier_policy.md	6183	7304d5ff00ec74ca17920bd98835673374e776599cc240ea05c0fc2e009bf97b	frozen design / summary document	production/stage09b/s09b4_provisional_relabel.sh	pending-commit(this-repair-pass)	2026-08-25	mm-core	REPRODUCIBLE_FROM_COMMITTED_CODE
09b	results/08_dual_antigen_escape/risk_tier_provisional/risk_tier_provisional_summary.md	8039	c4924e57e696de5f074a70b65a91f4772f0db4d7fcda7c0d69b088dcb1130378	frozen design / summary document	production/stage09b/s09b4_provisional_relabel.sh	pending-commit(this-repair-pass)	2026-08-25	mm-core	REPRODUCIBLE_FROM_COMMITTED_CODE
09b	results/08_dual_antigen_escape/risk_tier_provisional/risk_tier_threshold_comparison.csv	2342	0b6c41b5c67e3393c1b256ae0fde663a4f345b71f9026bd90c4f61743c1b9d60	stage result table	production/stage09b/s09b2_provisional_tiers.py	pending-commit(this-repair-pass)	2026-08-25	mm-core	REPRODUCIBLE_FROM_COMMITTED_CODE
09b	results/08_dual_antigen_escape/risk_tier_provisional/risk_tiers_provisional.csv	10343	210e0bee236464258587d192981316e8b2a7ede3712f45af372438570d7eac9b	stage result table	production/stage09b/s09b4_provisional_relabel.sh	pending-commit(this-repair-pass)	2026-08-25	mm-core	REPRODUCIBLE_FROM_COMMITTED_CODE
09b	results/08_dual_antigen_escape/risk_tier_provisional/risk_tiers_tau020.csv	2594	95aa4c313d1b15a70e6977df29b976271cbf8dbb828b41dfb4bf3b33a72d7379	stage result table	production/stage09b/s09b2_provisional_tiers.py	pending-commit(this-repair-pass)	2026-08-25	mm-core	REPRODUCIBLE_FROM_COMMITTED_CODE
09b	results/08_dual_antigen_escape/risk_tier_provisional/risk_tiers_tau025.csv	2594	95aa4c313d1b15a70e6977df29b976271cbf8dbb828b41dfb4bf3b33a72d7379	stage result table	production/stage09b/s09b2_provisional_tiers.py	pending-commit(this-repair-pass)	2026-08-25	mm-core	REPRODUCIBLE_FROM_COMMITTED_CODE
09b	results/08_dual_antigen_escape/risk_tier_provisional/risk_tiers_tau033.csv	2594	95aa4c313d1b15a70e6977df29b976271cbf8dbb828b41dfb4bf3b33a72d7379	stage result table	production/stage09b/s09b2_provisional_tiers.py	pending-commit(this-repair-pass)	2026-08-25	mm-core	REPRODUCIBLE_FROM_COMMITTED_CODE
10	results/10_dn_coherence/README_STAGE10_FROZEN.md	2038	d1256532b28cff941e09a08297af8f7fce658cad4c11c142ab8fd44e4800515e	frozen design / summary document	production/stage10/s10g_level2_interpretation_and_freeze.sh	pending-commit(this-repair-pass)	2026-08-25	mm-core	REPRODUCIBLE_FROM_COMMITTED_CODE
10	results/10_dn_coherence/de_per_patient/_de_25183_primary.csv	26125	abebde5f60d044e76dff3bc00afd41faa3e0a9c7d5a30f9c83a3800dbfb01edd	per-patient depth-matched DE table	production/stage10/s10a_level1_structure_and_per_patient_de.py	pending-commit(this-repair-pass)	2026-08-25	mm-core	REPRODUCIBLE_FROM_COMMITTED_CODE
10	results/10_dn_coherence/de_per_patient/_de_25183_sensitivity.csv	27725	21dff2527e9d3a0ce86d2f3ff41cf70d57f59d0b7a202eaf12db4ba291738140	per-patient depth-matched DE table	production/stage10/s10a_level1_structure_and_per_patient_de.py	pending-commit(this-repair-pass)	2026-08-25	mm-core	REPRODUCIBLE_FROM_COMMITTED_CODE
10	results/10_dn_coherence/de_per_patient/_de_27522_primary.csv	25883	6133305e388e788d21a8dd562cd09cf736913b5aae2d2fa161dd5fbd33ffd483	per-patient depth-matched DE table	production/stage10/s10a_level1_structure_and_per_patient_de.py	pending-commit(this-repair-pass)	2026-08-25	mm-core	REPRODUCIBLE_FROM_COMMITTED_CODE
10	results/10_dn_coherence/de_per_patient/_de_27522_sensitivity.csv	27320	55a7b3c36cde775575713f696f58d9347d5ada360b49c0e80758a9ef822e238a	per-patient depth-matched DE table	production/stage10/s10a_level1_structure_and_per_patient_de.py	pending-commit(this-repair-pass)	2026-08-25	mm-core	REPRODUCIBLE_FROM_COMMITTED_CODE
10	results/10_dn_coherence/de_per_patient/_de_37692_primary.csv	25690	ae7eca443b79e31c297e4829904444227658afcc4d302be63ad38b53ea7390ea	per-patient depth-matched DE table	production/stage10/s10a_level1_structure_and_per_patient_de.py	pending-commit(this-repair-pass)	2026-08-25	mm-core	REPRODUCIBLE_FROM_COMMITTED_CODE
10	results/10_dn_coherence/de_per_patient/_de_37692_sensitivity.csv	27255	790a6e9c63387d0d8ba73f8a69656af87bbc9fa1e1a257783f427caa2db682f4	per-patient depth-matched DE table	production/stage10/s10a_level1_structure_and_per_patient_de.py	pending-commit(this-repair-pass)	2026-08-25	mm-core	REPRODUCIBLE_FROM_COMMITTED_CODE
10	results/10_dn_coherence/de_per_patient/_de_47491_primary.csv	25775	1ee40fbf7929eeb3518d43ab6303ce381a005cf0ba8c2d91edd2f65d0ddf8ad7	per-patient depth-matched DE table	production/stage10/s10a_level1_structure_and_per_patient_de.py	pending-commit(this-repair-pass)	2026-08-25	mm-core	REPRODUCIBLE_FROM_COMMITTED_CODE
10	results/10_dn_coherence/de_per_patient/_de_47491_sensitivity.csv	27270	8c9093c7f81676fab97713c1b5b7010ee53c8a5b840b5fd8d907702c5eb25584	per-patient depth-matched DE table	production/stage10/s10a_level1_structure_and_per_patient_de.py	pending-commit(this-repair-pass)	2026-08-25	mm-core	REPRODUCIBLE_FROM_COMMITTED_CODE
10	results/10_dn_coherence/de_per_patient/_de_56203_primary.csv	24950	549e694063b9db44fff3ff75a684312b8c6738871ff42715e31fd30538784b0d	per-patient depth-matched DE table	production/stage10/s10a_level1_structure_and_per_patient_de.py	pending-commit(this-repair-pass)	2026-08-25	mm-core	REPRODUCIBLE_FROM_COMMITTED_CODE
10	results/10_dn_coherence/de_per_patient/_de_56203_sensitivity.csv	27300	2bc0a7e7af67ee3128db423358a7b6200b244524c97136f72e5f9a4511531475	per-patient depth-matched DE table	production/stage10/s10a_level1_structure_and_per_patient_de.py	pending-commit(this-repair-pass)	2026-08-25	mm-core	REPRODUCIBLE_FROM_COMMITTED_CODE
10	results/10_dn_coherence/de_per_patient/_de_57075_primary.csv	25684	45ded743858112fb5381f4fc2f028c51b20a21df9647d45f60b3ad08b4af341d	per-patient depth-matched DE table	production/stage10/s10a_level1_structure_and_per_patient_de.py	pending-commit(this-repair-pass)	2026-08-25	mm-core	REPRODUCIBLE_FROM_COMMITTED_CODE
10	results/10_dn_coherence/de_per_patient/_de_57075_sensitivity.csv	27240	2e455b5a1ef7404de9ea13414d3c468e79a736b602d3b38b24321c71e6091b4e	per-patient depth-matched DE table	production/stage10/s10a_level1_structure_and_per_patient_de.py	pending-commit(this-repair-pass)	2026-08-25	mm-core	REPRODUCIBLE_FROM_COMMITTED_CODE
10	results/10_dn_coherence/de_per_patient/_de_58408_primary.csv	25573	1924e63d80012d14787b93acabef1a45c8978c588c5cbb1b95c1aa7c50524259	per-patient depth-matched DE table	production/stage10/s10a_level1_structure_and_per_patient_de.py	pending-commit(this-repair-pass)	2026-08-25	mm-core	REPRODUCIBLE_FROM_COMMITTED_CODE
10	results/10_dn_coherence/de_per_patient/_de_58408_sensitivity.csv	27173	d2cf76accdc3242ba054588fb9e653a513b0ea83e6e20742adbaa520b10727c5	per-patient depth-matched DE table	production/stage10/s10a_level1_structure_and_per_patient_de.py	pending-commit(this-repair-pass)	2026-08-25	mm-core	REPRODUCIBLE_FROM_COMMITTED_CODE
10	results/10_dn_coherence/de_per_patient/_de_77570_primary.csv	25819	bc5d58680c5afda259a5fb3e747905dfad5e62cdb9773763cfd5bce5ab257116	per-patient depth-matched DE table	production/stage10/s10a_level1_structure_and_per_patient_de.py	pending-commit(this-repair-pass)	2026-08-25	mm-core	REPRODUCIBLE_FROM_COMMITTED_CODE
10	results/10_dn_coherence/de_per_patient/_de_77570_sensitivity.csv	27353	f798acf3244da7b1fcaf54d943c1fb334c90c0f5cf915d34f78777c68cfbba35	per-patient depth-matched DE table	production/stage10/s10a_level1_structure_and_per_patient_de.py	pending-commit(this-repair-pass)	2026-08-25	mm-core	REPRODUCIBLE_FROM_COMMITTED_CODE
10	results/10_dn_coherence/de_per_patient/_de_81012_primary.csv	25815	4f67dc369e5816130a15b6a471afb71e0f8c032bb618ffa427dc4ca7cddb1d7f	per-patient depth-matched DE table	production/stage10/s10a_level1_structure_and_per_patient_de.py	pending-commit(this-repair-pass)	2026-08-25	mm-core	REPRODUCIBLE_FROM_COMMITTED_CODE
10	results/10_dn_coherence/de_per_patient/_de_81012_sensitivity.csv	27471	e02ae49e6e365bda097812e6bff2ccbb7ff275c6553eeb72c7622f4f323e0a6d	per-patient depth-matched DE table	production/stage10/s10a_level1_structure_and_per_patient_de.py	pending-commit(this-repair-pass)	2026-08-25	mm-core	REPRODUCIBLE_FROM_COMMITTED_CODE
10	results/10_dn_coherence/de_per_patient/_de_83942_primary.csv	26679	a696e52aea86d31986ea28e9f614cdd202110b0c3d7ecbe0f0f4e3052a7c382f	per-patient depth-matched DE table	production/stage10/s10a_level1_structure_and_per_patient_de.py	pending-commit(this-repair-pass)	2026-08-25	mm-core	REPRODUCIBLE_FROM_COMMITTED_CODE
10	results/10_dn_coherence/de_per_patient/_de_83942_sensitivity.csv	31640	d2dfd0c7a787da84739a59f0f1aa6ed3c689f35173bc5e08e6d9fb42e844c863	per-patient depth-matched DE table	production/stage10/s10a_level1_structure_and_per_patient_de.py	pending-commit(this-repair-pass)	2026-08-25	mm-core	REPRODUCIBLE_FROM_COMMITTED_CODE
10	results/10_dn_coherence/de_per_patient/_de_MMRF_1267_primary.csv	27156	0879412df0f10dff37f49af1d67ebbaf3c04ecf95d40e7f344026290612a4869	per-patient depth-matched DE table	production/stage10/s10a_level1_structure_and_per_patient_de.py	pending-commit(this-repair-pass)	2026-08-25	mm-core	REPRODUCIBLE_FROM_COMMITTED_CODE
10	results/10_dn_coherence/de_per_patient/_de_MMRF_1267_sensitivity.csv	35612	3a112a6a23fb605a47e93fe3efce148fcf609d8ac425771ac12f13cd61770d73	per-patient depth-matched DE table	production/stage10/s10a_level1_structure_and_per_patient_de.py	pending-commit(this-repair-pass)	2026-08-25	mm-core	REPRODUCIBLE_FROM_COMMITTED_CODE
10	results/10_dn_coherence/de_per_patient/_de_MMRF_1413_primary.csv	27300	94b533d1cd1301a59ab19f147e67a146cdde1b43fcde04a2961eaa859e556ff6	per-patient depth-matched DE table	production/stage10/s10a_level1_structure_and_per_patient_de.py	pending-commit(this-repair-pass)	2026-08-25	mm-core	REPRODUCIBLE_FROM_COMMITTED_CODE
10	results/10_dn_coherence/de_per_patient/_de_MMRF_1413_sensitivity.csv	28782	053a0594bca1d858df0b0472dd75d2c88d127184b4c427492e2b46703d230f63	per-patient depth-matched DE table	production/stage10/s10a_level1_structure_and_per_patient_de.py	pending-commit(this-repair-pass)	2026-08-25	mm-core	REPRODUCIBLE_FROM_COMMITTED_CODE
10	results/10_dn_coherence/de_per_patient/_de_MMRF_1505_primary.csv	27014	5bc3de94312239f721f7cb8de79f58da3048575c6a02d51b9c8a5d0ed9088b84	per-patient depth-matched DE table	production/stage10/s10a_level1_structure_and_per_patient_de.py	pending-commit(this-repair-pass)	2026-08-25	mm-core	REPRODUCIBLE_FROM_COMMITTED_CODE
10	results/10_dn_coherence/de_per_patient/_de_MMRF_1505_sensitivity.csv	35705	8fa2ee20868696504208e5d45a4a493e2070c759069fe44feaaff5e300456b68	per-patient depth-matched DE table	production/stage10/s10a_level1_structure_and_per_patient_de.py	pending-commit(this-repair-pass)	2026-08-25	mm-core	REPRODUCIBLE_FROM_COMMITTED_CODE
10	results/10_dn_coherence/de_per_patient/_de_MMRF_1640_primary.csv	27192	079d2534468c09a1caae0c7ff0e9375bf70e4d7018aef7e73b8f1e46de6d1ae1	per-patient depth-matched DE table	production/stage10/s10a_level1_structure_and_per_patient_de.py	pending-commit(this-repair-pass)	2026-08-25	mm-core	REPRODUCIBLE_FROM_COMMITTED_CODE
10	results/10_dn_coherence/de_per_patient/_de_MMRF_1640_sensitivity.csv	34801	97912c14061f6b48cc65c02d280bb5ca6ccd90ce6c399f5c2cefba3215d33c47	per-patient depth-matched DE table	production/stage10/s10a_level1_structure_and_per_patient_de.py	pending-commit(this-repair-pass)	2026-08-25	mm-core	REPRODUCIBLE_FROM_COMMITTED_CODE
10	results/10_dn_coherence/de_per_patient/_de_MMRF_1641_sensitivity.csv	34893	f7adcbc253bf2c56eee84841a72dcff6b9d8f49997a88a9a563e2c01ab0d001f	per-patient depth-matched DE table	production/stage10/s10a_level1_structure_and_per_patient_de.py	pending-commit(this-repair-pass)	2026-08-25	mm-core	REPRODUCIBLE_FROM_COMMITTED_CODE
10	results/10_dn_coherence/de_per_patient/_de_MMRF_1720_primary.csv	27228	6c0670890ef18a4950209a1043bc4f60ca082cff189c8d1807940d93fd4d1a16	per-patient depth-matched DE table	production/stage10/s10a_level1_structure_and_per_patient_de.py	pending-commit(this-repair-pass)	2026-08-25	mm-core	REPRODUCIBLE_FROM_COMMITTED_CODE
10	results/10_dn_coherence/de_per_patient/_de_MMRF_1720_sensitivity.csv	28766	6e5142abe469934d33d9b1e3d82847b4980746aabf830612c817a1eb6b60815c	per-patient depth-matched DE table	production/stage10/s10a_level1_structure_and_per_patient_de.py	pending-commit(this-repair-pass)	2026-08-25	mm-core	REPRODUCIBLE_FROM_COMMITTED_CODE
10	results/10_dn_coherence/de_per_patient/_de_MMRF_2038_primary.csv	27369	646049f511d50e9946d24bf4e75c290de3d476fe809b1468029b633b5cfd1c03	per-patient depth-matched DE table	production/stage10/s10a_level1_structure_and_per_patient_de.py	pending-commit(this-repair-pass)	2026-08-25	mm-core	REPRODUCIBLE_FROM_COMMITTED_CODE
10	results/10_dn_coherence/de_per_patient/_de_MMRF_2038_sensitivity.csv	31062	6ec211273361648a5f911674f9a6c810eb870c4f19f91432551af882bc6b6e5f	per-patient depth-matched DE table	production/stage10/s10a_level1_structure_and_per_patient_de.py	pending-commit(this-repair-pass)	2026-08-25	mm-core	REPRODUCIBLE_FROM_COMMITTED_CODE
10	results/10_dn_coherence/de_per_patient/_de_MMY18273_primary.csv	26991	9f289542ac76203c9c8a941e4bddb634f6c9c121ee499bd7536d439af71a9620	per-patient depth-matched DE table	production/stage10/s10a_level1_structure_and_per_patient_de.py	pending-commit(this-repair-pass)	2026-08-25	mm-core	REPRODUCIBLE_FROM_COMMITTED_CODE
10	results/10_dn_coherence/de_per_patient/_de_MMY18273_sensitivity.csv	28516	edcc5ea300ae1a28d1f81d663432fdf8b01a86771ed0dcb02324fef077b13780	per-patient depth-matched DE table	production/stage10/s10a_level1_structure_and_per_patient_de.py	pending-commit(this-repair-pass)	2026-08-25	mm-core	REPRODUCIBLE_FROM_COMMITTED_CODE
10	results/10_dn_coherence/de_per_patient/_de_MMY21940_primary.csv	26990	7235b8729a6ca4809f9963eeda42c3dc63aaeebfe6748b87344892c48e5c3a75	per-patient depth-matched DE table	production/stage10/s10a_level1_structure_and_per_patient_de.py	pending-commit(this-repair-pass)	2026-08-25	mm-core	REPRODUCIBLE_FROM_COMMITTED_CODE
10	results/10_dn_coherence/de_per_patient/_de_MMY21940_sensitivity.csv	28595	04385ac0dd8680dbff19a0a0af92cdf274e658391e0b22289603db439b98aced	per-patient depth-matched DE table	production/stage10/s10a_level1_structure_and_per_patient_de.py	pending-commit(this-repair-pass)	2026-08-25	mm-core	REPRODUCIBLE_FROM_COMMITTED_CODE
10	results/10_dn_coherence/de_per_patient/_de_MMY22933_primary.csv	27014	6c2319f413cecae26a76d67b10f05e8baed11c346551c824c6e7c6c4a8e48eda	per-patient depth-matched DE table	production/stage10/s10a_level1_structure_and_per_patient_de.py	pending-commit(this-repair-pass)	2026-08-25	mm-core	REPRODUCIBLE_FROM_COMMITTED_CODE
10	results/10_dn_coherence/de_per_patient/_de_MMY22933_sensitivity.csv	28735	3171a8022d8ca4bce3d7185d74f7ef2a593e067faec2dacc8f294f378db0d692	per-patient depth-matched DE table	production/stage10/s10a_level1_structure_and_per_patient_de.py	pending-commit(this-repair-pass)	2026-08-25	mm-core	REPRODUCIBLE_FROM_COMMITTED_CODE
10	results/10_dn_coherence/de_per_patient/_de_MMY34339_primary.csv	27609	c6f904474d5bcabfca4c9a6d8dc6c5f6a3cb9d1e29e10860715d8dbf9aa6731a	per-patient depth-matched DE table	production/stage10/s10a_level1_structure_and_per_patient_de.py	pending-commit(this-repair-pass)	2026-08-25	mm-core	REPRODUCIBLE_FROM_COMMITTED_CODE
10	results/10_dn_coherence/de_per_patient/_de_MMY34339_sensitivity.csv	29130	f1280cbb19ed76251fca057539ec2645a245bc952802760bcbeee06ee9983e25	per-patient depth-matched DE table	production/stage10/s10a_level1_structure_and_per_patient_de.py	pending-commit(this-repair-pass)	2026-08-25	mm-core	REPRODUCIBLE_FROM_COMMITTED_CODE
10	results/10_dn_coherence/de_per_patient/_de_MMY34600_primary.csv	26844	2933b10951cf70f0a4992d80c81e1dc38389f98fd8b94eb4701a0407c730e47f	per-patient depth-matched DE table	production/stage10/s10a_level1_structure_and_per_patient_de.py	pending-commit(this-repair-pass)	2026-08-25	mm-core	REPRODUCIBLE_FROM_COMMITTED_CODE
10	results/10_dn_coherence/de_per_patient/_de_MMY34600_sensitivity.csv	28463	7c859bf0ea365ede9d71bfb893d6a736f13c9a3fe856fe86264800c99ea3e1b2	per-patient depth-matched DE table	production/stage10/s10a_level1_structure_and_per_patient_de.py	pending-commit(this-repair-pass)	2026-08-25	mm-core	REPRODUCIBLE_FROM_COMMITTED_CODE
10	results/10_dn_coherence/de_per_patient/_de_MMY40511_primary.csv	27039	bcf6e84f5777fea45ea732f17ff3fdd90849d90bafd13d6ccfabe84d2b071e46	per-patient depth-matched DE table	production/stage10/s10a_level1_structure_and_per_patient_de.py	pending-commit(this-repair-pass)	2026-08-25	mm-core	REPRODUCIBLE_FROM_COMMITTED_CODE
10	results/10_dn_coherence/de_per_patient/_de_MMY40511_sensitivity.csv	28565	1cf0cf05fc9b9340da5781d789c11deebea8d370b0dd156c43957d635cd98442	per-patient depth-matched DE table	production/stage10/s10a_level1_structure_and_per_patient_de.py	pending-commit(this-repair-pass)	2026-08-25	mm-core	REPRODUCIBLE_FROM_COMMITTED_CODE
10	results/10_dn_coherence/de_per_patient/_de_MMY47218_primary.csv	27269	38c36fb7652fcbe0babd5a749dc7f139c6c7188fa0d5677c0302e9b66b13c800	per-patient depth-matched DE table	production/stage10/s10a_level1_structure_and_per_patient_de.py	pending-commit(this-repair-pass)	2026-08-25	mm-core	REPRODUCIBLE_FROM_COMMITTED_CODE
10	results/10_dn_coherence/de_per_patient/_de_MMY47218_sensitivity.csv	28910	b14e82b6a681f038bb90c595c68882c9b5c0e0ed9e1db57dc603471673942218	per-patient depth-matched DE table	production/stage10/s10a_level1_structure_and_per_patient_de.py	pending-commit(this-repair-pass)	2026-08-25	mm-core	REPRODUCIBLE_FROM_COMMITTED_CODE
10	results/10_dn_coherence/de_per_patient/_de_MMY67868_primary.csv	27026	e078afb0045e91c4aa3d1ce7d862bcffa65d8a2bece0ae7447c2af876f9b8cc0	per-patient depth-matched DE table	production/stage10/s10a_level1_structure_and_per_patient_de.py	pending-commit(this-repair-pass)	2026-08-25	mm-core	REPRODUCIBLE_FROM_COMMITTED_CODE
10	results/10_dn_coherence/de_per_patient/_de_MMY67868_sensitivity.csv	28676	436ee87effef10b1ee5fc235b68d463619776ef4162bfa22b0a3a9c7a0ca93ad	per-patient depth-matched DE table	production/stage10/s10a_level1_structure_and_per_patient_de.py	pending-commit(this-repair-pass)	2026-08-25	mm-core	REPRODUCIBLE_FROM_COMMITTED_CODE
10	results/10_dn_coherence/de_per_patient/_de_MMY74196_primary.csv	26850	86ee8da0fc0aac53f851a0d81ede005fd985ea5d4d0b73b6ee981b1851a3eb2e	per-patient depth-matched DE table	production/stage10/s10a_level1_structure_and_per_patient_de.py	pending-commit(this-repair-pass)	2026-08-25	mm-core	REPRODUCIBLE_FROM_COMMITTED_CODE
10	results/10_dn_coherence/de_per_patient/_de_MMY74196_sensitivity.csv	28506	8307df39341f8134d7994df6d7c58c69c91e4d6e159e1a97f0971074765b1c13	per-patient depth-matched DE table	production/stage10/s10a_level1_structure_and_per_patient_de.py	pending-commit(this-repair-pass)	2026-08-25	mm-core	REPRODUCIBLE_FROM_COMMITTED_CODE
10	results/10_dn_coherence/de_per_patient/_de_MMY80649_primary.csv	30057	c62f7c9bbca9fbddf37b3ceb245411ccc584f746db877bed6d87435ea03b1001	per-patient depth-matched DE table	production/stage10/s10a_level1_structure_and_per_patient_de.py	pending-commit(this-repair-pass)	2026-08-25	mm-core	REPRODUCIBLE_FROM_COMMITTED_CODE
10	results/10_dn_coherence/de_per_patient/_de_MMY80649_sensitivity.csv	31440	b4d87ff01842beb1fa914b51489d15859b975d09feedab2cd3057e0dc2e66141	per-patient depth-matched DE table	production/stage10/s10a_level1_structure_and_per_patient_de.py	pending-commit(this-repair-pass)	2026-08-25	mm-core	REPRODUCIBLE_FROM_COMMITTED_CODE
10	results/10_dn_coherence/de_per_patient/_de_MMY98423_primary.csv	26895	8545bdc26d84dfd24bd0a18c7f279778ba2e1ec69948d330e0f90a6684dcb685	per-patient depth-matched DE table	production/stage10/s10a_level1_structure_and_per_patient_de.py	pending-commit(this-repair-pass)	2026-08-25	mm-core	REPRODUCIBLE_FROM_COMMITTED_CODE
10	results/10_dn_coherence/de_per_patient/_de_MMY98423_sensitivity.csv	28530	79c6d7fdc6a7ccf6149de951a094a718eb448e408a562c64562d3c9043d84a6a	per-patient depth-matched DE table	production/stage10/s10a_level1_structure_and_per_patient_de.py	pending-commit(this-repair-pass)	2026-08-25	mm-core	REPRODUCIBLE_FROM_COMMITTED_CODE
10	results/10_dn_coherence/decoupler_pathway_results.csv	59065	fed9032f606a50985844ce2b2288659b85795199a23c827ce1e62cce2548299a	stage result table	production/stage10/s10f_decoupler_full_space.py	pending-commit(this-repair-pass)	2026-08-25	mm-core	REPRODUCIBLE_FROM_COMMITTED_CODE
10	results/10_dn_coherence/dn_coherence_final_states.csv	7238	e934ff09f769779cd1d56216bf7ad4eabe20f621a84192cc4963c314ffe94d64	stage result table	production/stage10/s10b_states_repeated_and_denominators.py	pending-commit(this-repair-pass)	2026-08-25	mm-core	REPRODUCIBLE_FROM_COMMITTED_CODE
10	results/10_dn_coherence/dn_de_by_patient.csv	534497	61f2b391e6850fdae41fe46668cd3ecb7bab6374e4b4f0451c27e8dfe5144ee4	stage result table	production/stage10/s10b_states_repeated_and_denominators.py	pending-commit(this-repair-pass)	2026-08-25	mm-core	REPRODUCIBLE_FROM_COMMITTED_CODE
10	results/10_dn_coherence/dn_local_structure_by_patient.csv	8562	e71bb77fbf33b9e63627115986f234f8493bfb50a8db6d45147acb3b007d4391	stage result table	production/stage10/s10a_level1_structure_and_per_patient_de.py	pending-commit(this-repair-pass)	2026-08-25	mm-core	REPRODUCIBLE_FROM_COMMITTED_CODE
10	results/10_dn_coherence/dn_program_scores_by_patient.csv	9460	e8b9a62535378f7deb75dfb5fea9cb70cd1e632f498ef6ec31fbabe77f3203cd	stage result table	production/stage10/s10c_program_scores_and_cohort_tests.py	pending-commit(this-repair-pass)	2026-08-25	mm-core	REPRODUCIBLE_FROM_COMMITTED_CODE
10	results/10_dn_coherence/dn_program_summary_by_patient.csv	105865	f8ba1442817ce9d900ac5bb7a11de990f14fd83c6a7ed5d5261cc4b28957e518	stage result table	production/stage10/s10b_states_repeated_and_denominators.py	pending-commit(this-repair-pass)	2026-08-25	mm-core	REPRODUCIBLE_FROM_COMMITTED_CODE
10	results/10_dn_coherence/dn_vs_nondn_depth_diagnostic.csv	7641	124e577e2362fa389ca9c76f9503b84ca683950aa1626844f57d8cb064704037	stage result table	production/stage10/s10a_level1_structure_and_per_patient_de.py	pending-commit(this-repair-pass)	2026-08-25	mm-core	REPRODUCIBLE_FROM_COMMITTED_CODE
10	results/10_dn_coherence/gamma_secretase_hypothesis.csv	366	20483eedb894373f0e9983ceb20a83f0af83584e2d9d086cf269d74c4d0769a8	stage result table	production/stage10/s10d_hypotheses_and_evidence_levels.py	pending-commit(this-repair-pass)	2026-08-25	mm-core	REPRODUCIBLE_FROM_COMMITTED_CODE
10	results/10_dn_coherence/level2_program_cohort_tests.csv	1905	b9db7bead8f6f14ef2793ebc2ea76cfc070daa5be24af8a75618d930a3a2ad7c	stage result table	production/stage10/s10c_program_scores_and_cohort_tests.py	pending-commit(this-repair-pass)	2026-08-25	mm-core	REPRODUCIBLE_FROM_COMMITTED_CODE
10	results/10_dn_coherence/level2_program_cross_correlation.csv	219	3e495e277728fca02983b483650e5be9ef44ea9a3a1fff832dfb4d76852fe447	stage result table	production/stage10/s10e_pseudobulk_de_decoupler_tc.py	pending-commit(this-repair-pass)	2026-08-25	mm-core	REPRODUCIBLE_FROM_COMMITTED_CODE
10	results/10_dn_coherence/myc_oxphos_programs.csv	3186	1265da52b98f2677e14f3c6a6d297c53d0dd525f0f63f7edb702c1c37512561b	stage result table	production/stage10/s10d_hypotheses_and_evidence_levels.py	pending-commit(this-repair-pass)	2026-08-25	mm-core	REPRODUCIBLE_FROM_COMMITTED_CODE
10	results/10_dn_coherence/primary_vs_sensitivity_coherence.csv	2789	08f3f6b377ceeb9762ac208a8ee604cb619795dc71bfb921b753bd58c321cd42	stage result table	production/stage10/s10b_states_repeated_and_denominators.py	pending-commit(this-repair-pass)	2026-08-25	mm-core	REPRODUCIBLE_FROM_COMMITTED_CODE
10	results/10_dn_coherence/program_score_vs_depth.csv	386	c0b5dd993d8432aea3997f65fa02d1cb40eefe8692dc77c2ca7cf78a708b4723	stage result table	production/stage10/s10c_program_scores_and_cohort_tests.py	pending-commit(this-repair-pass)	2026-08-25	mm-core	REPRODUCIBLE_FROM_COMMITTED_CODE
10	results/10_dn_coherence/pseudobulk_de_evaluability.csv	466	1946ecff4efaf7546f7347aed6ac9ce24e164806f585921e81b3902846cc4387	stage result table	production/stage10/s10d_hypotheses_and_evidence_levels.py	pending-commit(this-repair-pass)	2026-08-25	mm-core	REPRODUCIBLE_FROM_COMMITTED_CODE
10	results/10_dn_coherence/pseudobulk_de_results.csv	1094175	32dff6bff7bd7956c4ecfe1de0dba410743e3508329b9af2573a92f549e38af7	stage result table	production/stage10/s10e_pseudobulk_de_decoupler_tc.py	pending-commit(this-repair-pass)	2026-08-25	mm-core	REPRODUCIBLE_FROM_COMMITTED_CODE
10	results/10_dn_coherence/repeated_sample_dn_coherence.csv	1065	9a90b099da8c1db5f1f6360d3c9e5249de5c6c7ebf77e57f187fe91d63f499ba	stage result table	production/stage10/s10b_states_repeated_and_denominators.py	pending-commit(this-repair-pass)	2026-08-25	mm-core	REPRODUCIBLE_FROM_COMMITTED_CODE
10	results/10_dn_coherence/stage10_design.md	14797	bc166abe4286862009ca9bba2c83d4a975fedb509ada2f2223458f31a2b0d289	frozen design / summary document	(frozen document authored in place; no analysis code)	n/a	2026-08-25	mm-core	ARCHIVED_ONLY
10	results/10_dn_coherence/stage10_dn_coherence_summary.md	14055	15f9069c30734554b45e553e0600670a2d40b5dc04634ed12b23f7ad04fd6926	frozen design / summary document	(frozen document authored in place; no analysis code)	n/a	2026-08-25	mm-core	ARCHIVED_ONLY
10	results/10_dn_coherence/stage10_evaluability.csv	17594	4cc9e60fc07bc15a78aedf51b9eca1e22408c0b3b2368ccdff038370fe63a250	stage result table	production/stage10/s10a_level1_structure_and_per_patient_de.py	pending-commit(this-repair-pass)	2026-08-25	mm-core	REPRODUCIBLE_FROM_COMMITTED_CODE
10	results/10_dn_coherence/stage10_evidence_levels.csv	9668	2605baf69a086fd18b22b40f5e9f3d266d10f37ddf25dc35eeed2aa2326e812c	stage result table	production/stage10/s10d_hypotheses_and_evidence_levels.py	pending-commit(this-repair-pass)	2026-08-25	mm-core	REPRODUCIBLE_FROM_COMMITTED_CODE
10	results/10_dn_coherence/stress_ifn_upr_antigen_presentation.csv	4968	6f22c7054bce9a7d4a972f8c23a89181699fcaff6cc7c963c164832e587abb7e	stage result table	production/stage10/s10d_hypotheses_and_evidence_levels.py	pending-commit(this-repair-pass)	2026-08-25	mm-core	REPRODUCIBLE_FROM_COMMITTED_CODE
10	results/10_dn_coherence/tc_like_subtype.csv	2304	80947d55524c95437d06a7ac9aac2712556aaf8a95f1d007a987211b7ef8a940	stage result table	production/stage10/s10e_pseudobulk_de_decoupler_tc.py	pending-commit(this-repair-pass)	2026-08-25	mm-core	REPRODUCIBLE_FROM_COMMITTED_CODE
11	results/11_immune_context/communication_context.csv	128651	eff6638c0fc29b93cbaeca0edf4e1d60cd509149216f7034a752c63652ee5ee8	stage result table	notebooks/11_immune_context.py	625b7be	2026-08-26	mm-communication	REPRODUCIBLE_FROM_COMMITTED_CODE
11	results/11_immune_context/communication_context_all_plasma.csv	130749	fdd625412c1c9a03c0c881f408f861cb52927352c2a57459d6431888f8fccd6f	stage result table	notebooks/11_immune_context.py	625b7be	2026-08-26	mm-communication	REPRODUCIBLE_FROM_COMMITTED_CODE
11	results/11_immune_context/communication_context_vs_dn.csv	5553	8b7c8c41f6d4dc7eabe5ae15a6115707a41a0ea4cc76260b96335d8752e5a09b	stage result table	notebooks/11_immune_context.py	625b7be	2026-08-26	mm-communication	REPRODUCIBLE_FROM_COMMITTED_CODE
11	results/11_immune_context/communication_context_vs_dn_all_plasma.csv	5541	b7345561fff2dc73d93d8f41b4776babb9d5a2c54d9b0d76541c3ec4ee229672	stage result table	notebooks/11_immune_context.py	625b7be	2026-08-26	mm-communication	REPRODUCIBLE_FROM_COMMITTED_CODE
11	results/11_immune_context/communication_receiver_side_confound.csv	1881	06222c9031a596265219df05ca586bedf3ccbb1b30d19cf88d979814c0f0f94e	stage result table	notebooks/11_immune_context.py	625b7be	2026-08-26	mm-communication	REPRODUCIBLE_FROM_COMMITTED_CODE
11	results/11_immune_context/immune_feature_cohort_diagnostic.csv	1010	8cd321f3833afffcd8661e397b7bf823c3621a0e453ed73dac278e31cdf8f951	stage result table	notebooks/11_immune_context.py	625b7be	2026-08-26	mm-communication	REPRODUCIBLE_FROM_COMMITTED_CODE
11	results/11_immune_context/immune_feature_depth_diagnostic.csv	567	66cfdb0ead3f2f2631c36551dc022b95589350041729962050de80c912e924ae	stage result table	notebooks/11_immune_context.py	625b7be	2026-08-26	mm-communication	REPRODUCIBLE_FROM_COMMITTED_CODE
11	results/11_immune_context/immune_vs_dn_coherence.csv	1466	da4f629e722f70f84ac2276b16eb70a205c4687950f7cb301e89c40fb21d20ed	stage result table	notebooks/11_immune_context.py	625b7be	2026-08-26	mm-communication	REPRODUCIBLE_FROM_COMMITTED_CODE
11	results/11_immune_context/immune_vs_dn_measurement.csv	7305	49309ad44072cdb6c82f80abbb01563d6069363ebec952f8294c9578ccf68125	stage result table	notebooks/11_immune_context.py	625b7be	2026-08-26	mm-communication	REPRODUCIBLE_FROM_COMMITTED_CODE
11	results/11_immune_context/myeloid_context.csv	3246	d82890e19a7a1c52809671e56b4bebe9a8e7ccc5a631dcdf84af5ed4c4fce03c	stage result table	notebooks/11_immune_context.py	625b7be	2026-08-26	mm-communication	REPRODUCIBLE_FROM_COMMITTED_CODE
11	results/11_immune_context/patient_immune_composition.csv	11348	04d9f51a56e640aad0f19de9c6cb661fc3ed0701f2cb30c6955fd4157e2906f2	stage result table	notebooks/11_immune_context.py	625b7be	2026-08-26	mm-communication	REPRODUCIBLE_FROM_COMMITTED_CODE
11	results/11_immune_context/preliminary_run/README.md	1130	c037bc3571929fc4fbf7c9848ac8ba5b306c1cac74e508b31b2cce7deaaa619d	frozen design / summary document	(frozen document authored in place; no analysis code)	n/a	2026-08-26	mm-communication	ARCHIVED_ONLY
11	results/11_immune_context/preliminary_run/communication_context.csv	88632	35f03eb7c7e6cce6d857d612c6320d3857a148aa36b46f1efad8b49e778525a5	stage result table	notebooks/11_immune_context.py	625b7be	2026-08-26	mm-communication	REPRODUCIBLE_FROM_COMMITTED_CODE
11	results/11_immune_context/preliminary_run/communication_context_vs_dn.csv	3142	60c6ffec0d10802d326267dc96a17bdd66c0e0b177e8fac71d55dab5d98172a3	stage result table	notebooks/11_immune_context.py	625b7be	2026-08-26	mm-communication	REPRODUCIBLE_FROM_COMMITTED_CODE
11	results/11_immune_context/preliminary_run/immune_feature_cohort_diagnostic.csv	481	432bbad653b60a861ec608d305f85f09102ff66619b61359020f6b85940ef0b3	stage result table	notebooks/11_immune_context.py	625b7be	2026-08-26	mm-communication	REPRODUCIBLE_FROM_COMMITTED_CODE
11	results/11_immune_context/preliminary_run/immune_feature_depth_diagnostic.csv	304	453782005ff8ddbb6860e1e7100d27915f45075ffb4bcd00bb45faa39482aeda	stage result table	notebooks/11_immune_context.py	625b7be	2026-08-26	mm-communication	REPRODUCIBLE_FROM_COMMITTED_CODE
11	results/11_immune_context/preliminary_run/immune_vs_dn_coherence.csv	679	5d2828843e42f2f8ed9e4424d91062d7f200afa44697c9895a7e91e9c279153f	stage result table	notebooks/11_immune_context.py	625b7be	2026-08-26	mm-communication	REPRODUCIBLE_FROM_COMMITTED_CODE
11	results/11_immune_context/preliminary_run/immune_vs_dn_measurement.csv	3547	0d08ed64a38597766ea76dbe376ded9772062135e4e759a51c1995145b227dd1	stage result table	notebooks/11_immune_context.py	625b7be	2026-08-26	mm-communication	REPRODUCIBLE_FROM_COMMITTED_CODE
11	results/11_immune_context/preliminary_run/myeloid_context.csv	2124	72526acebaef91151ef2fcaed1909016e88f0c67eee2f1cd8a5571faf8b9139b	stage result table	notebooks/11_immune_context.py	625b7be	2026-08-26	mm-communication	REPRODUCIBLE_FROM_COMMITTED_CODE
11	results/11_immune_context/preliminary_run/patient_immune_composition.csv	11348	04d9f51a56e640aad0f19de9c6cb661fc3ed0701f2cb30c6955fd4157e2906f2	stage result table	notebooks/11_immune_context.py	625b7be	2026-08-26	mm-communication	REPRODUCIBLE_FROM_COMMITTED_CODE
11	results/11_immune_context/preliminary_run/repeated_sample_immune_context.csv	1421	3591a6d30b1f3483d9a8353b036a81fb13c82538e67cc085ffdc74f745dc4747	stage result table	notebooks/11_immune_context.py	625b7be	2026-08-26	mm-communication	REPRODUCIBLE_FROM_COMMITTED_CODE
11	results/11_immune_context/preliminary_run/tnk_context.csv	3082	332033b2b2ffc8f5aede78c23f86dde9642e40ceb5b7399bdd4c7de20493a8f2	stage result table	notebooks/11_immune_context.py	625b7be	2026-08-26	mm-communication	REPRODUCIBLE_FROM_COMMITTED_CODE
11	results/11_immune_context/repeated_sample_immune_context.csv	3078	53d3ed40e3eaa0ee144414996f68df4823d52a08076275ce75e351a33bebd916	stage result table	notebooks/11_immune_context.py	625b7be	2026-08-26	mm-communication	REPRODUCIBLE_FROM_COMMITTED_CODE
11	results/11_immune_context/stage11_design.md	11247	9bad7e857773dfe108ce18a12d7bd563b5fea6f9bf8984775f56ca1647d51de3	frozen design / summary document	(frozen document authored in place; no analysis code)	n/a	2026-08-26	mm-communication	ARCHIVED_ONLY
11	results/11_immune_context/stage11_immune_summary.md	9399	073ac10ec778cbd56bbce8c7b988df718aa689af4e1d4ea7d053b1db62ecef6b	frozen design / summary document	(frozen document authored in place; no analysis code)	n/a	2026-08-26	mm-communication	ARCHIVED_ONLY
11	results/11_immune_context/tnk_context.csv	5780	176953525e121437aacf79566077956b76e1496c898c5b15a5d02393a7991d73	stage result table	notebooks/11_immune_context.py	625b7be	2026-08-26	mm-communication	REPRODUCIBLE_FROM_COMMITTED_CODE
11b	results/11_immune_context/liana_verification/frozen_state_digests.json	447	189343d255b0e3a1ac3e34aa34ab04175b74cc6df9d53aa1f843f2bb27a1f0ae	run metadata / digest record	notebooks/11b_liana_verification.py	625b7be	2026-08-26	mm-communication	REPRODUCIBLE_WITH_EXTERNAL_INPUT
11b	results/11_immune_context/liana_verification/liana_abundance_sensitivity.csv	1634	885c5c2ae30ccf3a159ba1caf0d6bd75787815f39c6f91251ca32533bec69427	stage result table	notebooks/11b_liana_verification.py	625b7be	2026-08-26	mm-communication	REPRODUCIBLE_WITH_EXTERNAL_INPUT
11b	results/11_immune_context/liana_verification/liana_candidate_panel_crosscheck.csv	7423	4daf1320a885df82dc473e25882059119f91bfd760d45d8195aa6b57299c060e	stage result table	notebooks/11b_liana_verification.py	625b7be	2026-08-26	mm-communication	REPRODUCIBLE_WITH_EXTERNAL_INPUT
11b	results/11_immune_context/liana_verification/liana_environment.txt	222	ac2f628b1a1658a4cfe16da3e53ec2b455cf49119bc24d0d43ae33af9c1e7f55	stage result table	notebooks/11b_liana_verification.py	625b7be	2026-08-26	mm-communication	REPRODUCIBLE_WITH_EXTERNAL_INPUT
11b	results/11_immune_context/liana_verification/liana_full_results.csv.gz	1083144	d3ac9f8b9c23ed36f3ef066cc8e910dbfc492ff10b4d80e24176f9880acc54a6	stage result table	notebooks/11b_liana_verification.py	625b7be	2026-08-26	mm-communication	REPRODUCIBLE_WITH_EXTERNAL_INPUT
11b	results/11_immune_context/liana_verification/liana_method_config.json	1632	a8fba6f55833cc9b60ea529a40367a0cfff5f91b3956e1866443de29e3677e15	run metadata / digest record	notebooks/11b_liana_verification.py	625b7be	2026-08-26	mm-communication	REPRODUCIBLE_WITH_EXTERNAL_INPUT
11b	results/11_immune_context/liana_verification/liana_patient_evaluability.csv	5868	896ece140ad841cf0249525292e7f9d448fb0c452c2cbc8f34185422c0b48814	stage result table	notebooks/11b_liana_verification.py	625b7be	2026-08-26	mm-communication	REPRODUCIBLE_WITH_EXTERNAL_INPUT
11b	results/11_immune_context/liana_verification/liana_patient_level_scores.csv.gz	472812	0a7f1e22d30cac2deb63a61a0c03dc3f88a1beca36da3cb8336720336a798c46	stage result table	notebooks/11b_liana_verification.py	625b7be	2026-08-26	mm-communication	REPRODUCIBLE_WITH_EXTERNAL_INPUT
11b	results/11_immune_context/liana_verification/liana_receiver_side_confound.csv	2423	94c1da7c5d456a2edc37af8c58060e39903ea556d7df36e4d33d2c6c99aace75	stage result table	notebooks/11b_liana_verification.py	625b7be	2026-08-26	mm-communication	REPRODUCIBLE_WITH_EXTERNAL_INPUT
11b	results/11_immune_context/liana_verification/liana_receiver_state_vs_stage10_programs.csv	362	ee59c17d9b0ba298ce3596a945d3ba8e75e3a3e333ca4b1f68a9489035bcf462	stage result table	notebooks/11b_liana_verification.py	625b7be	2026-08-26	mm-communication	REPRODUCIBLE_WITH_EXTERNAL_INPUT
11b	results/11_immune_context/liana_verification/liana_summary.md	13995	8c8fc0e2020fdd50e445e75326e047e3ddfc1964ff33f5c1ca4f66ebfc50a9eb	frozen design / summary document	notebooks/11b_liana_verification.py	625b7be	2026-08-26	mm-communication	REPRODUCIBLE_WITH_EXTERNAL_INPUT
11b	results/11_immune_context/liana_verification/liana_vs_dn_associations.csv	72808	47f6211109b1b363d0089860b20ade0092fa820f362a4dfe77184688cba4db8e	stage result table	notebooks/11b_liana_verification.py	625b7be	2026-08-26	mm-communication	REPRODUCIBLE_WITH_EXTERNAL_INPUT
